Date,District,ActualPrice,PredictedPrice
2021-05-28,District 1,237.47,237.85509
2021-05-31,District 1,240.74,238.19
2021-06-01,District 1,242.04,230.38408
2021-06-02,District 1,240.02,220.3823
2021-06-03,District 1,244.34,237.43172
2021-06-04,District 1,241.18,242.98817
2021-06-07,District 1,240.8,239.69424
2021-06-08,District 1,244.21,237.66534
2021-06-09,District 1,243.5,242.9226
2021-06-10,District 1,243.08,243.83438
2021-06-11,District 1,242.01,243.45688
2021-06-14,District 1,244.87,238.69656
2021-06-15,District 1,242.09,243.4776
2021-06-16,District 1,242.95,239.73758
2021-06-17,District 1,240.04,243.51262
2021-06-18,District 1,240.97,239.08456
2021-06-21,District 1,241.55,237.63136
2021-06-22,District 1,242.4,237.19409
2021-06-23,District 1,240.7,242.69093
2021-06-24,District 1,241.72,238.64073
2021-06-25,District 1,244.1,237.9763
2021-06-28,District 1,243.3,242.50215
2021-06-29,District 1,244.99,243.7157
2021-06-30,District 1,244.61,243.3538
2021-07-01,District 1,240.08,235.29437
2021-07-02,District 1,239.89,223.58852
2021-07-05,District 1,238.48,233.44807
2021-07-06,District 1,242.31,237.76602
2021-07-07,District 1,241.42,243.32707
2021-07-08,District 1,242.64,239.89119
2021-07-09,District 1,239.76,242.14716
2021-07-12,District 1,240.24,239.50688
2021-07-13,District 1,239.51,237.74384
2021-07-14,District 1,238.48,237.05501
2021-07-15,District 1,242.79,237.43567
2021-07-16,District 1,239.06,242.20547
2021-07-19,District 1,239.13,237.37917
2021-07-20,District 1,242.43,237.34076
2021-07-21,District 1,240.53,242.61195
2021-07-22,District 1,238.85,238.84785
2021-07-23,District 1,241.05,237.33957
2021-07-26,District 1,238.83,238.02931
2021-07-27,District 1,242.19,238.09172
2021-07-28,District 1,239.95,242.95311
2021-07-29,District 1,241.0,238.70543
2021-07-30,District 1,242.82,237.67621
2021-08-02,District 1,233.64,235.97656
2021-08-03,District 1,235.99,234.54744
2021-08-04,District 1,232.09,233.56581
2021-08-05,District 1,234.41,234.86887
2021-08-06,District 1,233.98,234.42065
2021-08-09,District 1,235.96,234.33635
2021-08-10,District 1,233.09,236.58109
2021-08-11,District 1,231.3,234.1276
2021-08-12,District 1,231.57,231.93718
2021-08-13,District 1,234.64,232.83817
2021-08-16,District 1,234.03,233.573
2021-08-17,District 1,235.51,233.45064
2021-08-18,District 1,234.76,232.60371
2021-08-19,District 1,234.25,233.32047
2021-08-20,District 1,231.23,232.87373
2021-08-23,District 1,231.84,232.84067
2021-08-24,District 1,232.85,232.64128
2021-08-25,District 1,235.17,232.56862
2021-08-26,District 1,235.81,232.94695
2021-08-27,District 1,232.3,233.43741
2021-08-30,District 1,233.88,233.86609
2021-08-31,District 1,232.52,233.16487
2021-09-01,District 1,239.62,231.71729
2021-09-06,District 1,237.41,232.97388
2021-09-07,District 1,240.09,235.05826
2021-09-08,District 1,241.79,237.7332
2021-09-09,District 1,239.2,237.76959
2021-09-10,District 1,238.69,238.08662
2021-09-13,District 1,239.55,237.95107
2021-09-14,District 1,237.09,237.50958
2021-09-15,District 1,240.82,237.94308
2021-09-16,District 1,239.54,238.10805
2021-09-17,District 1,237.78,238.16075
2021-09-20,District 1,240.88,237.50584
2021-09-21,District 1,241.02,237.54472
2021-09-22,District 1,239.72,237.73282
2021-09-23,District 1,241.72,237.59846
2021-09-24,District 1,238.83,238.1394
2021-09-27,District 1,241.94,237.71788
2021-09-28,District 1,240.57,238.0163
2021-09-29,District 1,238.59,237.77832
2021-09-30,District 1,240.49,237.56985
2021-10-01,District 1,239.34,231.69374
2021-10-04,District 1,237.33,237.4692
2021-10-05,District 1,237.44,237.91666
2021-10-06,District 1,241.86,238.1334
2021-10-07,District 1,238.33,235.44603
2021-10-08,District 1,237.15,234.76544
2021-10-11,District 1,239.82,235.15039
2021-10-12,District 1,238.37,237.93243
2021-10-13,District 1,241.12,237.95334
2021-10-14,District 1,240.94,238.01888
2021-10-15,District 1,241.68,238.06255
2021-10-18,District 1,237.96,237.4422
2021-10-19,District 1,241.39,238.2668
2021-10-20,District 1,239.54,238.44234
2021-10-21,District 1,239.41,238.17937
2021-10-22,District 1,239.07,237.99916
2021-10-25,District 1,237.76,237.81245
2021-10-26,District 1,237.89,238.05817
2021-10-27,District 1,238.79,238.00177
2021-10-28,District 1,241.97,238.00327
2021-10-29,District 1,238.34,238.42477
2021-11-01,District 1,238.4,230.89456
2021-11-02,District 1,240.93,231.84103
2021-11-03,District 1,236.97,237.35054
2021-11-04,District 1,240.79,237.96155
2021-11-05,District 1,236.38,237.98856
2021-11-08,District 1,236.7,235.49083
2021-11-09,District 1,239.3,235.08339
2021-11-10,District 1,237.18,237.95575
2021-11-11,District 1,239.67,238.0691
2021-11-12,District 1,236.76,238.14287
2021-11-15,District 1,237.78,238.02379
2021-11-16,District 1,240.36,237.9822
2021-11-17,District 1,239.1,237.86305
2021-11-18,District 1,237.53,237.88393
2021-11-19,District 1,236.78,237.87265
2021-11-22,District 1,236.67,237.97107
2021-11-23,District 1,239.61,238.10277
2021-11-24,District 1,238.82,237.7013
2021-11-25,District 1,236.66,237.91978
2021-11-26,District 1,240.61,238.06033
2021-11-29,District 1,240.61,238.20575
2021-11-30,District 1,236.09,236.18008
2021-12-01,District 1,237.13,220.74826
2021-12-02,District 1,238.77,220.82968
2021-12-03,District 1,239.67,236.68362
2021-12-06,District 1,238.13,237.56683
2021-12-07,District 1,238.76,238.04372
2021-12-08,District 1,238.14,238.14717
2021-12-09,District 1,239.54,237.54524
2021-12-10,District 1,239.96,238.35144
2021-12-13,District 1,237.03,238.22034
2021-12-14,District 1,238.47,238.02495
2021-12-15,District 1,239.29,238.15314
2021-12-16,District 1,235.62,238.5019
2021-12-17,District 1,238.1,237.48874
2021-12-20,District 1,238.46,238.01222
2021-12-21,District 1,239.9,237.99968
2021-12-22,District 1,239.0,238.47078
2021-12-23,District 1,238.52,238.27682
2021-12-24,District 1,235.49,238.47389
2021-12-27,District 1,239.71,236.63686
2021-12-28,District 1,237.58,238.46786
2021-12-29,District 1,236.43,238.20851
2021-12-30,District 1,235.49,237.59712
2021-12-31,District 1,236.43,236.45836
2022-01-04,District 1,245.39,237.90128
2022-01-05,District 1,243.68,240.45572
2022-01-06,District 1,247.64,241.6625
2022-01-07,District 1,243.52,244.4866
2022-01-10,District 1,244.65,241.29507
2022-01-11,District 1,244.39,244.09373
2022-01-12,District 1,245.36,244.38725
2022-01-13,District 1,246.49,243.60913
2022-01-14,District 1,246.99,244.5609
2022-01-17,District 1,247.29,243.90361
2022-01-18,District 1,244.52,243.22987
2022-01-19,District 1,247.64,243.88475
2022-01-20,District 1,244.72,243.74081
2022-01-21,District 1,245.11,243.86641
2022-01-24,District 1,245.83,243.88527
2022-01-25,District 1,247.36,243.87976
2022-01-26,District 1,244.62,243.98994
2022-01-27,District 1,246.89,244.02916
2022-01-28,District 1,246.0,244.27751
2022-02-07,District 1,242.97,244.30853
2022-02-08,District 1,243.19,245.3471
2022-02-09,District 1,240.75,244.22572
2022-02-10,District 1,240.02,240.03395
2022-02-11,District 1,240.56,238.86055
2022-02-14,District 1,240.35,237.62459
2022-02-15,District 1,242.7,236.68819
2022-02-16,District 1,240.34,242.20607
2022-02-17,District 1,241.96,238.34225
2022-02-18,District 1,244.04,237.6713
2022-02-21,District 1,242.66,242.39943
2022-02-22,District 1,240.79,243.54013
2022-02-23,District 1,242.71,238.7883
2022-02-24,District 1,243.34,242.14403
2022-02-25,District 1,243.03,243.22905
2022-02-28,District 1,244.7,243.54219
2022-03-01,District 1,232.01,235.1751
2022-03-02,District 1,234.61,226.20248
2022-03-03,District 1,231.87,231.23851
2022-03-04,District 1,233.55,233.23471
2022-03-07,District 1,232.8,234.12366
2022-03-08,District 1,232.04,233.25641
2022-03-09,District 1,233.65,233.97961
2022-03-10,District 1,234.59,233.45895
2022-03-11,District 1,234.1,233.64864
2022-03-14,District 1,233.15,233.59618
2022-03-15,District 1,230.42,233.82037
2022-03-16,District 1,231.79,233.7301
2022-03-17,District 1,232.3,232.55203
2022-03-18,District 1,233.36,232.2169
2022-03-21,District 1,231.64,232.58928
2022-03-22,District 1,233.01,232.20677
2022-03-23,District 1,234.96,233.0773
2022-03-24,District 1,230.62,232.5226
2022-03-25,District 1,230.99,233.09839
2022-03-28,District 1,230.09,231.68434
2022-03-29,District 1,233.42,230.87021
2022-03-30,District 1,232.27,232.48796
2022-03-31,District 1,233.57,232.83719
2022-04-01,District 1,224.39,232.3755
2022-04-04,District 1,222.53,228.94489
2022-04-05,District 1,222.85,223.5071
2022-04-06,District 1,225.3,223.79343
2022-04-07,District 1,226.32,227.70216
2022-04-08,District 1,222.98,227.9448
2022-04-12,District 1,226.4,224.04028
2022-04-13,District 1,224.4,227.61882
2022-04-14,District 1,224.56,226.74402
2022-04-15,District 1,223.95,225.4314
2022-04-18,District 1,226.94,221.47276
2022-04-19,District 1,224.54,226.51285
2022-04-20,District 1,226.45,225.92427
2022-04-21,District 1,226.07,226.41591
2022-04-22,District 1,222.29,226.441
2022-04-25,District 1,226.24,222.89502
2022-04-26,District 1,226.0,225.9648
2022-04-27,District 1,227.0,226.72572
2022-04-28,District 1,222.34,226.53787
2022-04-29,District 1,223.07,223.38895
2022-05-04,District 1,214.39,223.22017
2022-05-05,District 1,216.63,217.80219
2022-05-06,District 1,213.49,217.3314
2022-05-09,District 1,212.81,213.01031
2022-05-10,District 1,215.68,212.48352
2022-05-11,District 1,215.06,215.396
2022-05-12,District 1,213.33,216.13309
2022-05-13,District 1,212.23,211.23624
2022-05-16,District 1,214.39,209.83101
2022-05-17,District 1,214.17,212.84378
2022-05-18,District 1,216.64,214.07202
2022-05-19,District 1,216.11,216.19008
2022-05-20,District 1,213.34,214.9895
2022-05-23,District 1,216.68,212.67397
2022-05-24,District 1,213.04,214.05298
2022-05-25,District 1,213.87,212.04573
2022-05-26,District 1,216.6,212.05785
2022-05-27,District 1,213.76,214.31537
2022-05-30,District 1,216.27,210.4374
2022-05-31,District 1,214.44,214.19325
2022-06-01,District 1,219.17,219.39069
2022-06-02,District 1,218.87,220.08868
2022-06-03,District 1,217.49,220.02687
2022-06-06,District 1,219.61,215.93999
2022-06-07,District 1,217.44,221.0769
2022-06-08,District 1,219.35,217.06708
2022-06-09,District 1,221.85,220.56854
2022-06-10,District 1,219.43,221.64383
2022-06-13,District 1,221.7,221.40465
2022-06-14,District 1,219.31,222.12253
2022-06-15,District 1,219.2,217.1885
2022-06-16,District 1,218.18,217.24477
2022-06-17,District 1,218.32,216.08572
2022-06-20,District 1,221.26,216.0287
2021-05-28,District 2,77.98,80.57958
2021-05-31,District 2,77.92,78.779
2021-06-01,District 2,81.19,79.72226
2021-06-02,District 2,80.17,79.15805
2021-06-03,District 2,83.72,79.44141
2021-06-04,District 2,80.26,81.50637
2021-06-07,District 2,82.35,81.10486
2021-06-08,District 2,81.53,81.016174
2021-06-09,District 2,83.11,81.25913
2021-06-10,District 2,82.82,81.587944
2021-06-11,District 2,83.9,81.732544
2021-06-14,District 2,83.54,82.48073
2021-06-15,District 2,81.76,82.57576
2021-06-16,District 2,79.79,82.13107
2021-06-17,District 2,83.63,81.85408
2021-06-18,District 2,82.92,82.24256
2021-06-21,District 2,83.79,81.85539
2021-06-22,District 2,81.55,82.88527
2021-06-23,District 2,79.84,82.11084
2021-06-24,District 2,82.55,81.99306
2021-06-25,District 2,81.24,81.9151
2021-06-28,District 2,79.98,81.76182
2021-06-29,District 2,81.03,81.95822
2021-06-30,District 2,79.39,81.38007
2021-07-01,District 2,83.49,82.46417
2021-07-02,District 2,83.02,82.99925
2021-07-05,District 2,83.61,81.7182
2021-07-06,District 2,83.27,82.891914
2021-07-07,District 2,81.81,82.738556
2021-07-08,District 2,84.5,81.77885
2021-07-09,District 2,85.48,83.55087
2021-07-12,District 2,82.27,85.95414
2021-07-13,District 2,85.55,83.33413
2021-07-14,District 2,84.19,85.64165
2021-07-15,District 2,81.29,85.450165
2021-07-16,District 2,82.11,84.107
2021-07-19,District 2,83.88,83.383896
2021-07-20,District 2,82.36,83.94622
2021-07-21,District 2,83.65,82.363
2021-07-22,District 2,81.34,83.10403
2021-07-23,District 2,81.22,82.00454
2021-07-26,District 2,82.03,82.12438
2021-07-27,District 2,85.87,82.088066
2021-07-28,District 2,83.33,83.18357
2021-07-29,District 2,83.68,83.888145
2021-07-30,District 2,82.17,83.445526
2021-08-02,District 2,84.03,83.45504
2021-08-03,District 2,82.73,83.52542
2021-08-04,District 2,83.33,83.10493
2021-08-05,District 2,84.73,84.69171
2021-08-06,District 2,84.66,83.777466
2021-08-09,District 2,85.73,85.29768
2021-08-10,District 2,86.22,85.75186
2021-08-11,District 2,85.68,85.766426
2021-08-12,District 2,82.2,85.79294
2021-08-13,District 2,85.03,85.447495
2021-08-16,District 2,82.85,85.64104
2021-08-17,District 2,85.65,84.59934
2021-08-18,District 2,82.76,85.08104
2021-08-19,District 2,86.26,84.893486
2021-08-20,District 2,86.89,85.26595
2021-08-23,District 2,85.98,85.8933
2021-08-24,District 2,85.59,86.16639
2021-08-25,District 2,86.36,86.08558
2021-08-26,District 2,84.33,85.805786
2021-08-27,District 2,84.35,86.50983
2021-08-30,District 2,85.57,86.42418
2021-08-31,District 2,85.92,86.15999
2021-09-01,District 2,85.79,86.35654
2021-09-06,District 2,87.07,86.38731
2021-09-07,District 2,83.74,86.016556
2021-09-08,District 2,83.1,85.52824
2021-09-09,District 2,86.55,85.133766
2021-09-10,District 2,85.72,86.37741
2021-09-13,District 2,87.59,86.44901
2021-09-14,District 2,87.54,86.65197
2021-09-15,District 2,86.37,86.460335
2021-09-16,District 2,87.58,86.501945
2021-09-17,District 2,84.01,86.2624
2021-09-20,District 2,87.59,85.34829
2021-09-21,District 2,83.56,86.00883
2021-09-22,District 2,84.71,86.03006
2021-09-23,District 2,85.84,85.79834
2021-09-24,District 2,83.88,86.078255
2021-09-27,District 2,86.93,85.33713
2021-09-28,District 2,87.59,85.72162
2021-09-29,District 2,86.24,86.1032
2021-09-30,District 2,87.81,85.973465
2021-10-01,District 2,88.42,87.477295
2021-10-04,District 2,88.45,87.43305
2021-10-05,District 2,90.89,86.96583
2021-10-06,District 2,90.03,89.14071
2021-10-07,District 2,87.8,88.60878
2021-10-08,District 2,87.13,88.259514
2021-10-11,District 2,88.86,87.292595
2021-10-12,District 2,90.39,88.18401
2021-10-13,District 2,87.5,88.84146
2021-10-14,District 2,90.64,88.4167
2021-10-15,District 2,87.36,89.31279
2021-10-18,District 2,88.87,88.40347
2021-10-19,District 2,87.02,88.44619
2021-10-20,District 2,87.08,87.56536
2021-10-21,District 2,89.55,87.68246
2021-10-22,District 2,90.22,88.18816
2021-10-25,District 2,88.22,88.97649
2021-10-26,District 2,87.09,89.026794
2021-10-27,District 2,89.19,87.92971
2021-10-28,District 2,90.76,88.288345
2021-10-29,District 2,89.15,89.2728
2021-11-01,District 2,91.54,89.65121
2021-11-02,District 2,91.44,90.65306
2021-11-03,District 2,92.44,90.610344
2021-11-04,District 2,93.1,90.182526
2021-11-05,District 2,89.22,91.17409
2021-11-08,District 2,93.54,90.70979
2021-11-09,District 2,91.95,91.36979
2021-11-10,District 2,93.47,91.45895
2021-11-11,District 2,93.87,92.05195
2021-11-12,District 2,90.83,93.01235
2021-11-15,District 2,93.72,91.67137
2021-11-16,District 2,92.02,92.36022
2021-11-17,District 2,92.21,92.00031
2021-11-18,District 2,89.16,92.06041
2021-11-19,District 2,90.34,91.09168
2021-11-22,District 2,93.61,91.084175
2021-11-23,District 2,89.97,91.859535
2021-11-24,District 2,91.2,91.225685
2021-11-25,District 2,92.31,91.40613
2021-11-26,District 2,93.26,91.384285
2021-11-29,District 2,92.23,91.34557
2021-11-30,District 2,91.56,91.54814
2021-12-01,District 2,91.35,91.65634
2021-12-02,District 2,92.05,91.14719
2021-12-03,District 2,93.21,91.127914
2021-12-06,District 2,90.42,91.45312
2021-12-07,District 2,92.58,91.61667
2021-12-08,District 2,92.09,91.42299
2021-12-09,District 2,92.41,91.72131
2021-12-10,District 2,92.65,91.4715
2021-12-13,District 2,89.32,91.42412
2021-12-14,District 2,93.91,91.40494
2021-12-15,District 2,90.25,92.436165
2021-12-16,District 2,92.07,91.158165
2021-12-17,District 2,91.92,91.47084
2021-12-20,District 2,91.77,91.52815
2021-12-21,District 2,93.99,91.586586
2021-12-22,District 2,91.2,92.31606
2021-12-23,District 2,89.2,91.50955
2021-12-24,District 2,89.35,91.217804
2021-12-27,District 2,92.44,90.806526
2021-12-28,District 2,90.73,91.02379
2021-12-29,District 2,93.34,90.76934
2021-12-30,District 2,91.69,90.98726
2021-12-31,District 2,92.26,91.41344
2022-01-04,District 2,91.42,91.39282
2022-01-05,District 2,93.05,91.71126
2022-01-06,District 2,90.26,91.71456
2022-01-07,District 2,90.33,91.38814
2022-01-10,District 2,92.1,91.477615
2022-01-11,District 2,90.58,91.45937
2022-01-12,District 2,90.4,91.625206
2022-01-13,District 2,90.94,91.42325
2022-01-14,District 2,89.6,91.759315
2022-01-17,District 2,89.45,91.13533
2022-01-18,District 2,92.01,90.85561
2022-01-19,District 2,91.69,91.570854
2022-01-20,District 2,91.33,91.434616
2022-01-21,District 2,93.91,91.05476
2022-01-24,District 2,93.67,92.64412
2022-01-25,District 2,92.63,91.89835
2022-01-26,District 2,91.42,91.82101
2022-01-27,District 2,90.77,91.52041
2022-01-28,District 2,89.01,91.42442
2022-02-07,District 2,92.84,91.354126
2022-02-08,District 2,90.06,91.35556
2022-02-09,District 2,91.53,91.106
2022-02-10,District 2,90.47,91.75689
2022-02-11,District 2,90.59,91.204796
2022-02-14,District 2,94.98,90.78429
2022-02-15,District 2,94.33,92.5467
2022-02-16,District 2,94.58,93.55634
2022-02-17,District 2,90.69,93.05189
2022-02-18,District 2,93.58,91.94698
2022-02-21,District 2,94.08,92.44941
2022-02-22,District 2,93.8,93.476524
2022-02-23,District 2,93.5,93.29572
2022-02-24,District 2,94.19,92.7564
2022-02-25,District 2,91.6,93.48751
2022-02-28,District 2,91.19,92.389114
2022-03-01,District 2,91.22,92.52139
2022-03-02,District 2,91.72,91.95925
2022-03-03,District 2,89.8,92.32849
2022-03-04,District 2,92.7,91.10369
2022-03-07,District 2,89.5,91.59851
2022-03-08,District 2,89.46,91.185875
2022-03-09,District 2,93.33,90.82786
2022-03-10,District 2,90.74,91.53683
2022-03-11,District 2,92.32,91.45033
2022-03-14,District 2,92.78,91.41397
2022-03-15,District 2,90.77,91.83079
2022-03-16,District 2,93.68,90.96584
2022-03-17,District 2,89.89,91.53908
2022-03-18,District 2,91.53,91.21878
2022-03-21,District 2,92.46,91.71958
2022-03-22,District 2,92.6,91.71502
2022-03-23,District 2,90.07,91.65091
2022-03-24,District 2,93.57,91.59555
2022-03-25,District 2,92.64,91.643196
2022-03-28,District 2,91.16,91.36818
2022-03-29,District 2,93.88,91.51643
2022-03-30,District 2,91.01,92.84687
2022-03-31,District 2,90.42,91.47406
2022-04-01,District 2,89.81,91.44845
2022-04-04,District 2,88.48,91.946175
2022-04-05,District 2,88.98,90.73423
2022-04-06,District 2,91.85,90.1375
2022-04-07,District 2,88.88,90.55673
2022-04-08,District 2,88.76,90.24156
2022-04-12,District 2,89.23,89.555176
2022-04-13,District 2,88.56,89.25458
2022-04-14,District 2,91.51,89.314285
2022-04-15,District 2,88.97,90.16646
2022-04-18,District 2,91.5,89.90187
2022-04-19,District 2,91.0,90.30256
2022-04-20,District 2,88.58,90.609406
2022-04-21,District 2,88.99,90.024605
2022-04-22,District 2,87.2,89.6573
2022-04-25,District 2,89.87,88.536224
2022-04-26,District 2,88.68,89.71065
2022-04-27,District 2,87.86,89.52372
2022-04-28,District 2,91.06,88.963264
2022-04-29,District 2,88.61,89.300766
2022-05-04,District 2,85.17,89.60185
2022-05-05,District 2,84.7,87.53625
2022-05-06,District 2,84.26,86.6702
2022-05-09,District 2,85.4,86.72629
2022-05-10,District 2,87.93,86.51053
2022-05-11,District 2,87.7,86.70802
2022-05-12,District 2,85.35,87.00805
2022-05-13,District 2,85.51,86.7241
2022-05-16,District 2,87.78,86.25984
2022-05-17,District 2,84.22,86.78587
2022-05-18,District 2,84.59,85.802574
2022-05-19,District 2,87.14,86.11993
2022-05-20,District 2,85.63,86.251015
2022-05-23,District 2,83.91,86.03762
2022-05-24,District 2,85.67,85.5242
2022-05-25,District 2,84.19,85.78781
2022-05-26,District 2,86.84,85.33438
2022-05-27,District 2,83.87,85.65287
2022-05-30,District 2,84.75,86.095795
2022-05-31,District 2,83.45,86.0217
2022-06-01,District 2,85.3,85.731
2022-06-02,District 2,87.43,86.022705
2022-06-03,District 2,86.41,88.06838
2022-06-06,District 2,83.07,86.36878
2022-06-07,District 2,84.94,85.11057
2022-06-08,District 2,84.72,85.91595
2022-06-09,District 2,85.83,86.00209
2022-06-10,District 2,83.8,86.047066
2022-06-13,District 2,87.81,85.90786
2022-06-14,District 2,84.49,86.09485
2022-06-15,District 2,86.07,86.09163
2022-06-16,District 2,87.98,85.78829
2022-06-17,District 2,85.42,86.148285
2022-06-20,District 2,87.95,86.060684
2021-05-28,District 3,194.82,196.39151
2021-05-31,District 3,194.21,195.37213
2021-06-01,District 3,194.33,194.17151
2021-06-02,District 3,192.71,194.85976
2021-06-03,District 3,192.4,195.06578
2021-06-04,District 3,194.91,194.57835
2021-06-07,District 3,195.71,195.20624
2021-06-08,District 3,196.62,195.31523
2021-06-09,District 3,192.89,195.7203
2021-06-10,District 3,195.99,194.59314
2021-06-11,District 3,194.83,195.20116
2021-06-14,District 3,194.6,194.84299
2021-06-15,District 3,196.28,194.99901
2021-06-16,District 3,196.93,195.75983
2021-06-17,District 3,192.58,196.23256
2021-06-18,District 3,193.32,194.79318
2021-06-21,District 3,195.38,194.66379
2021-06-22,District 3,196.4,195.45517
2021-06-23,District 3,195.81,195.65685
2021-06-24,District 3,192.06,195.87027
2021-06-25,District 3,193.03,193.78372
2021-06-28,District 3,193.18,192.64838
2021-06-29,District 3,192.3,193.95523
2021-06-30,District 3,195.76,192.61053
2021-07-01,District 3,195.23,194.52963
2021-07-02,District 3,197.62,194.95287
2021-07-05,District 3,197.33,195.82068
2021-07-06,District 3,196.06,196.55785
2021-07-07,District 3,197.92,195.71686
2021-07-08,District 3,197.2,196.01105
2021-07-09,District 3,194.31,196.26488
2021-07-12,District 3,196.26,195.50845
2021-07-13,District 3,193.35,195.83717
2021-07-14,District 3,196.65,194.81773
2021-07-15,District 3,197.71,195.60497
2021-07-16,District 3,197.82,196.36282
2021-07-19,District 3,193.51,196.34506
2021-07-20,District 3,193.42,195.19424
2021-07-21,District 3,193.98,194.69934
2021-07-22,District 3,194.51,193.99272
2021-07-23,District 3,193.34,194.99931
2021-07-26,District 3,193.16,194.80484
2021-07-27,District 3,195.05,193.98209
2021-07-28,District 3,195.68,194.8827
2021-07-29,District 3,197.47,195.19688
2021-07-30,District 3,193.72,196.34206
2021-08-02,District 3,195.35,194.50993
2021-08-03,District 3,195.25,195.82887
2021-08-04,District 3,197.55,195.78833
2021-08-05,District 3,194.8,196.343
2021-08-06,District 3,197.55,195.45685
2021-08-09,District 3,194.54,196.34193
2021-08-10,District 3,194.48,195.49402
2021-08-11,District 3,193.0,195.2858
2021-08-12,District 3,196.81,194.84764
2021-08-13,District 3,197.72,196.0827
2021-08-16,District 3,194.77,196.22517
2021-08-17,District 3,197.73,195.45157
2021-08-18,District 3,193.21,196.38121
2021-08-19,District 3,196.57,195.5176
2021-08-20,District 3,196.61,195.34348
2021-08-23,District 3,193.14,195.87515
2021-08-24,District 3,197.31,194.95479
2021-08-25,District 3,196.47,195.82347
2021-08-26,District 3,193.73,195.96643
2021-08-27,District 3,194.75,194.81291
2021-08-30,District 3,194.72,195.27203
2021-08-31,District 3,195.28,195.01913
2021-09-01,District 3,196.24,195.30571
2021-09-06,District 3,195.69,195.7996
2021-09-07,District 3,198.74,196.08969
2021-09-08,District 3,198.22,197.54541
2021-09-09,District 3,194.36,197.04095
2021-09-10,District 3,194.01,196.36331
2021-09-13,District 3,195.81,195.63931
2021-09-14,District 3,197.86,195.73196
2021-09-15,District 3,196.39,196.39688
2021-09-16,District 3,196.86,196.45102
2021-09-17,District 3,195.16,196.20032
2021-09-20,District 3,195.3,195.85806
2021-09-21,District 3,198.56,195.74374
2021-09-22,District 3,198.29,197.78445
2021-09-23,District 3,194.58,197.27252
2021-09-24,District 3,194.83,196.21797
2021-09-27,District 3,197.8,196.08952
2021-09-28,District 3,197.62,196.47606
2021-09-29,District 3,196.13,196.46225
2021-09-30,District 3,198.81,196.21127
2021-10-01,District 3,196.89,196.79921
2021-10-04,District 3,197.86,196.97968
2021-10-05,District 3,194.77,197.17876
2021-10-06,District 3,198.66,195.76973
2021-10-07,District 3,194.38,197.44635
2021-10-08,District 3,195.32,195.86726
2021-10-11,District 3,195.77,196.39296
2021-10-12,District 3,194.03,196.31924
2021-10-13,District 3,194.23,194.9935
2021-10-14,District 3,196.67,195.14688
2021-10-15,District 3,195.36,195.80652
2021-10-18,District 3,198.06,196.18834
2021-10-19,District 3,196.48,196.52625
2021-10-20,District 3,197.08,196.37042
2021-10-21,District 3,197.04,196.55147
2021-10-22,District 3,198.39,196.03766
2021-10-25,District 3,197.73,197.55994
2021-10-26,District 3,195.78,196.98172
2021-10-27,District 3,197.68,196.82338
2021-10-28,District 3,196.75,196.8246
2021-10-29,District 3,195.93,196.70259
2021-11-01,District 3,196.22,195.2804
2021-11-02,District 3,196.79,195.47997
2021-11-03,District 3,194.11,195.97366
2021-11-04,District 3,194.17,195.92416
2021-11-05,District 3,195.25,195.33551
2021-11-08,District 3,194.75,196.00233
2021-11-09,District 3,198.84,195.47865
2021-11-10,District 3,197.85,197.45811
2021-11-11,District 3,195.36,197.03285
2021-11-12,District 3,196.28,196.58255
2021-11-15,District 3,196.06,196.06277
2021-11-16,District 3,198.19,196.1751
2021-11-17,District 3,195.89,196.63116
2021-11-18,District 3,195.16,196.31851
2021-11-19,District 3,198.78,196.56926
2021-11-22,District 3,196.25,197.68748
2021-11-23,District 3,198.95,196.43555
2021-11-24,District 3,195.18,198.01231
2021-11-25,District 3,198.18,196.55406
2021-11-26,District 3,195.19,196.50691
2021-11-29,District 3,195.25,196.02623
2021-11-30,District 3,195.52,196.0561
2021-12-01,District 3,187.02,194.9278
2021-12-02,District 3,188.0,185.97365
2021-12-03,District 3,189.69,189.93446
2021-12-06,District 3,187.5,190.0916
2021-12-07,District 3,189.12,189.612
2021-12-08,District 3,186.16,189.20634
2021-12-09,District 3,185.27,184.84352
2021-12-10,District 3,186.85,184.91884
2021-12-13,District 3,189.26,184.01157
2021-12-14,District 3,185.33,189.06964
2021-12-15,District 3,185.17,184.97237
2021-12-16,District 3,189.19,184.7101
2021-12-17,District 3,185.5,189.0628
2021-12-20,District 3,188.29,184.51003
2021-12-21,District 3,186.16,189.31203
2021-12-22,District 3,188.53,184.39664
2021-12-23,District 3,187.61,188.64964
2021-12-24,District 3,188.71,188.97876
2021-12-27,District 3,189.19,188.79726
2021-12-28,District 3,187.1,188.62384
2021-12-29,District 3,188.21,189.16252
2021-12-30,District 3,189.61,188.9933
2021-12-31,District 3,189.76,189.63757
2022-01-04,District 3,189.49,189.95558
2022-01-05,District 3,189.87,189.81383
2022-01-06,District 3,188.51,190.16856
2022-01-07,District 3,187.04,189.60994
2022-01-10,District 3,191.16,186.16751
2022-01-11,District 3,190.62,191.03548
2022-01-12,District 3,188.27,189.36783
2022-01-13,District 3,189.44,189.06268
2022-01-14,District 3,190.52,189.8391
2022-01-17,District 3,188.25,189.78854
2022-01-18,District 3,191.35,189.12755
2022-01-19,District 3,191.84,191.13986
2022-01-20,District 3,191.79,191.10783
2022-01-21,District 3,187.22,190.93121
2022-01-24,District 3,191.01,188.6277
2022-01-25,District 3,190.9,190.6507
2022-01-26,District 3,190.71,190.36354
2022-01-27,District 3,188.06,189.48088
2022-01-28,District 3,189.31,188.9558
2022-02-07,District 3,187.31,189.0032
2022-02-08,District 3,187.2,188.76225
2022-02-09,District 3,186.79,188.9285
2022-02-10,District 3,187.89,185.34589
2022-02-11,District 3,187.59,188.74309
2022-02-14,District 3,186.65,188.66017
2022-02-15,District 3,189.64,185.44731
2022-02-16,District 3,186.25,189.63593
2022-02-17,District 3,187.01,186.27252
2022-02-18,District 3,187.8,185.82657
2022-02-21,District 3,189.18,188.8525
2022-02-22,District 3,186.22,189.15436
2022-02-23,District 3,188.36,185.62381
2022-02-24,District 3,187.73,188.94154
2022-02-25,District 3,187.43,189.55556
2022-02-28,District 3,189.19,189.29997
2022-03-01,District 3,184.32,190.51001
2022-03-02,District 3,185.82,183.58269
2022-03-03,District 3,184.35,185.0874
2022-03-04,District 3,185.76,183.44241
2022-03-07,District 3,182.45,184.98503
2022-03-08,District 3,182.38,183.42238
2022-03-09,District 3,186.65,183.37202
2022-03-10,District 3,186.4,184.64139
2022-03-11,District 3,184.9,185.07567
2022-03-14,District 3,184.75,185.32553
2022-03-15,District 3,186.98,185.28459
2022-03-16,District 3,186.81,185.50417
2022-03-17,District 3,186.28,185.6936
2022-03-18,District 3,185.56,185.68951
2022-03-21,District 3,182.22,185.57999
2022-03-22,District 3,185.19,183.91856
2022-03-23,District 3,186.09,184.93808
2022-03-24,District 3,185.38,185.26175
2022-03-25,District 3,184.09,185.49472
2022-03-28,District 3,186.29,184.06651
2022-03-29,District 3,182.08,185.25554
2022-03-30,District 3,182.06,183.68779
2022-03-31,District 3,182.92,183.01117
2022-04-01,District 3,182.92,182.39757
2022-04-04,District 3,183.57,182.55212
2022-04-05,District 3,181.19,182.83153
2022-04-06,District 3,182.48,181.59885
2022-04-07,District 3,183.12,182.2336
2022-04-08,District 3,183.86,182.16809
2022-04-12,District 3,183.67,182.8646
2022-04-13,District 3,181.46,182.99936
2022-04-14,District 3,181.98,182.59766
2022-04-15,District 3,180.9,182.34842
2022-04-18,District 3,183.48,181.09009
2022-04-19,District 3,183.75,182.11792
2022-04-20,District 3,183.81,181.99944
2022-04-21,District 3,184.2,183.38567
2022-04-22,District 3,184.63,182.919
2022-04-25,District 3,181.45,183.008
2022-04-26,District 3,181.33,182.53906
2022-04-27,District 3,184.65,181.61378
2022-04-28,District 3,182.38,182.2474
2022-04-29,District 3,182.39,183.37628
2022-05-04,District 3,177.62,183.81668
2022-05-05,District 3,178.19,176.09422
2022-05-06,District 3,176.07,179.80287
2022-05-09,District 3,175.92,176.41283
2022-05-10,District 3,178.34,176.293
2022-05-11,District 3,178.9,180.07976
2022-05-12,District 3,177.97,179.93665
2022-05-13,District 3,179.84,179.5121
2022-05-16,District 3,175.38,179.62833
2022-05-17,District 3,179.21,175.45421
2022-05-18,District 3,176.58,179.61412
2022-05-19,District 3,176.23,175.63345
2022-05-20,District 3,175.88,175.23494
2022-05-23,District 3,176.29,174.87657
2022-05-24,District 3,178.71,175.19487
2022-05-25,District 3,177.1,179.84122
2022-05-26,District 3,176.56,175.40321
2022-05-27,District 3,177.36,175.15451
2022-05-30,District 3,178.96,174.82304
2022-05-31,District 3,178.36,179.47052
2022-06-01,District 3,172.73,182.26065
2022-06-02,District 3,171.91,176.26099
2022-06-03,District 3,172.64,176.49156
2022-06-06,District 3,170.42,175.36525
2022-06-07,District 3,173.92,175.82121
2022-06-08,District 3,173.9,175.59369
2022-06-09,District 3,170.68,175.28438
2022-06-10,District 3,172.98,175.33743
2022-06-13,District 3,170.72,175.4025
2022-06-14,District 3,170.66,175.45148
2022-06-15,District 3,172.9,175.36917
2022-06-16,District 3,170.76,175.65173
2022-06-17,District 3,170.69,174.43475
2022-06-20,District 3,173.72,174.3644
2021-05-28,District 4,106.98,109.63856
2021-05-31,District 4,107.79,107.829025
2021-06-01,District 4,108.98,108.58677
2021-06-02,District 4,106.96,108.04444
2021-06-03,District 4,108.13,108.174934
2021-06-04,District 4,107.86,107.96734
2021-06-07,District 4,107.56,107.93149
2021-06-08,District 4,106.43,108.23147
2021-06-09,District 4,107.59,107.8006
2021-06-10,District 4,107.22,108.13369
2021-06-11,District 4,106.87,107.88408
2021-06-14,District 4,107.5,108.29802
2021-06-15,District 4,109.44,108.37645
2021-06-16,District 4,110.5,107.73907
2021-06-17,District 4,108.17,108.641716
2021-06-18,District 4,106.32,109.034035
2021-06-21,District 4,110.61,108.04516
2021-06-22,District 4,106.2,107.65242
2021-06-23,District 4,110.15,104.47259
2021-06-24,District 4,108.15,108.82369
2021-06-25,District 4,107.92,108.33405
2021-06-28,District 4,108.86,107.96161
2021-06-29,District 4,107.21,108.226555
2021-06-30,District 4,108.55,107.85788
2021-07-01,District 4,107.82,106.90735
2021-07-02,District 4,108.66,107.77134
2021-07-05,District 4,106.47,108.93538
2021-07-06,District 4,105.92,107.94268
2021-07-07,District 4,109.63,107.80886
2021-07-08,District 4,108.12,107.76886
2021-07-09,District 4,105.3,107.79659
2021-07-12,District 4,109.52,107.62587
2021-07-13,District 4,108.58,107.575645
2021-07-14,District 4,109.96,107.38558
2021-07-15,District 4,105.36,108.6923
2021-07-16,District 4,107.98,107.503044
2021-07-19,District 4,106.33,107.77988
2021-07-20,District 4,108.64,107.56523
2021-07-21,District 4,109.09,108.349335
2021-07-22,District 4,106.95,107.758644
2021-07-23,District 4,109.51,108.16196
2021-07-26,District 4,108.22,107.952545
2021-07-27,District 4,105.7,107.70875
2021-07-28,District 4,105.41,107.97971
2021-07-29,District 4,108.71,107.17791
2021-07-30,District 4,109.15,107.21544
2021-08-02,District 4,107.29,107.93284
2021-08-03,District 4,109.68,108.38615
2021-08-04,District 4,107.18,108.093285
2021-08-05,District 4,109.83,107.36516
2021-08-06,District 4,108.01,108.52873
2021-08-09,District 4,107.29,107.64383
2021-08-10,District 4,109.1,107.81174
2021-08-11,District 4,105.9,107.61719
2021-08-12,District 4,108.07,107.93208
2021-08-13,District 4,108.99,107.664375
2021-08-16,District 4,109.74,108.182
2021-08-17,District 4,105.4,108.35186
2021-08-18,District 4,107.03,107.46751
2021-08-19,District 4,106.06,107.71258
2021-08-20,District 4,105.55,107.102875
2021-08-23,District 4,107.88,107.70842
2021-08-24,District 4,109.59,107.58726
2021-08-25,District 4,107.1,108.056915
2021-08-26,District 4,108.42,107.61002
2021-08-27,District 4,105.49,108.04639
2021-08-30,District 4,106.26,106.98439
2021-08-31,District 4,109.1,107.15647
2021-09-01,District 4,108.93,109.42046
2021-09-06,District 4,107.14,108.34737
2021-09-07,District 4,106.67,108.149254
2021-09-08,District 4,107.69,107.70878
2021-09-09,District 4,109.47,107.56529
2021-09-10,District 4,108.69,107.376045
2021-09-13,District 4,110.3,107.753075
2021-09-14,District 4,106.46,109.254776
2021-09-15,District 4,108.62,107.90542
2021-09-16,District 4,106.47,107.822205
2021-09-17,District 4,109.27,107.46358
2021-09-20,District 4,106.21,108.020035
2021-09-21,District 4,107.91,107.636795
2021-09-22,District 4,106.84,108.06009
2021-09-23,District 4,106.93,107.52601
2021-09-24,District 4,109.03,108.06439
2021-09-27,District 4,107.15,107.747734
2021-09-28,District 4,109.62,107.993805
2021-09-29,District 4,108.14,107.59338
2021-09-30,District 4,109.31,107.479256
2021-10-01,District 4,109.87,108.44436
2021-10-04,District 4,109.99,108.91577
2021-10-05,District 4,111.59,109.06137
2021-10-06,District 4,108.05,109.601814
2021-10-07,District 4,110.49,109.53493
2021-10-08,District 4,110.87,109.6836
2021-10-11,District 4,109.47,109.34935
2021-10-12,District 4,109.38,109.54375
2021-10-13,District 4,108.36,109.58247
2021-10-14,District 4,108.38,109.45972
2021-10-15,District 4,110.54,108.30272
2021-10-18,District 4,108.33,109.38922
2021-10-19,District 4,111.81,109.170425
2021-10-20,District 4,111.27,109.421585
2021-10-21,District 4,111.94,109.56295
2021-10-22,District 4,111.12,109.277466
2021-10-25,District 4,110.23,109.75435
2021-10-26,District 4,111.79,110.111015
2021-10-27,District 4,110.1,109.75048
2021-10-28,District 4,107.32,110.92085
2021-10-29,District 4,107.31,109.41264
2021-11-01,District 4,109.61,108.36576
2021-11-02,District 4,107.37,108.88007
2021-11-03,District 4,107.94,108.919395
2021-11-04,District 4,107.88,108.82443
2021-11-05,District 4,111.33,108.17962
2021-11-08,District 4,110.78,108.86299
2021-11-09,District 4,111.64,109.34461
2021-11-10,District 4,107.65,109.74849
2021-11-11,District 4,108.36,109.57307
2021-11-12,District 4,110.34,109.31549
2021-11-15,District 4,111.56,109.05735
2021-11-16,District 4,109.99,109.58093
2021-11-17,District 4,108.81,109.479385
2021-11-18,District 4,110.94,109.92804
2021-11-19,District 4,107.76,109.5999
2021-11-22,District 4,108.34,109.08156
2021-11-23,District 4,109.52,109.26081
2021-11-24,District 4,111.44,108.55345
2021-11-25,District 4,111.25,109.77234
2021-11-26,District 4,109.12,109.76151
2021-11-29,District 4,109.27,109.597244
2021-11-30,District 4,111.61,109.562485
2021-12-01,District 4,109.19,109.64275
2021-12-02,District 4,107.05,109.98286
2021-12-03,District 4,111.9,109.702484
2021-12-06,District 4,107.17,109.43104
2021-12-07,District 4,111.47,107.75573
2021-12-08,District 4,110.78,109.04818
2021-12-09,District 4,107.11,109.37955
2021-12-10,District 4,110.23,109.31908
2021-12-13,District 4,110.82,109.61262
2021-12-14,District 4,111.29,109.41629
2021-12-15,District 4,108.08,109.15158
2021-12-16,District 4,110.21,109.42455
2021-12-17,District 4,108.2,109.565475
2021-12-20,District 4,109.9,108.664635
2021-12-21,District 4,108.03,109.574196
2021-12-22,District 4,110.16,108.66812
2021-12-23,District 4,111.73,109.92037
2021-12-24,District 4,111.55,109.764656
2021-12-27,District 4,110.53,109.70056
2021-12-28,District 4,109.43,109.81076
2021-12-29,District 4,110.4,109.51048
2021-12-30,District 4,110.11,109.68047
2021-12-31,District 4,109.83,110.393
2022-01-04,District 4,108.98,111.48281
2022-01-05,District 4,110.42,111.173935
2022-01-06,District 4,106.81,112.27605
2022-01-07,District 4,108.18,108.763756
2022-01-10,District 4,110.75,108.64093
2022-01-11,District 4,109.56,108.69088
2022-01-12,District 4,108.48,109.980965
2022-01-13,District 4,106.55,109.720726
2022-01-14,District 4,110.22,108.58632
2022-01-17,District 4,106.58,108.424126
2022-01-18,District 4,108.39,108.26464
2022-01-19,District 4,109.48,108.59094
2022-01-20,District 4,106.75,107.998474
2022-01-21,District 4,109.73,108.20576
2022-01-24,District 4,106.99,108.46751
2022-01-25,District 4,108.58,108.0489
2022-01-26,District 4,107.5,108.09259
2022-01-27,District 4,110.61,107.8751
2022-01-28,District 4,109.27,109.159615
2022-02-07,District 4,109.86,108.696526
2022-02-08,District 4,108.9,109.632675
2022-02-09,District 4,110.97,109.47899
2022-02-10,District 4,109.6,109.686554
2022-02-11,District 4,108.36,109.35102
2022-02-14,District 4,107.47,109.8773
2022-02-15,District 4,107.37,108.874855
2022-02-16,District 4,107.94,108.87352
2022-02-17,District 4,110.31,108.65507
2022-02-18,District 4,108.78,109.02913
2022-02-21,District 4,109.55,109.31687
2022-02-22,District 4,111.45,109.67354
2022-02-23,District 4,108.35,109.95915
2022-02-24,District 4,108.64,109.61118
2022-02-25,District 4,110.73,109.71178
2022-02-28,District 4,111.14,110.32468
2022-03-01,District 4,109.41,109.63561
2022-03-02,District 4,111.52,109.97851
2022-03-03,District 4,110.06,110.33619
2022-03-04,District 4,111.09,109.68254
2022-03-07,District 4,110.8,109.96635
2022-03-08,District 4,108.37,112.17206
2022-03-09,District 4,109.85,109.81217
2022-03-10,District 4,108.68,110.01408
2022-03-11,District 4,110.48,109.400696
2022-03-14,District 4,107.03,110.07756
2022-03-15,District 4,109.02,108.45738
2022-03-16,District 4,108.3,109.463196
2022-03-17,District 4,111.56,108.65457
2022-03-18,District 4,107.26,109.76814
2022-03-21,District 4,107.31,109.48391
2022-03-22,District 4,108.5,108.87102
2022-03-23,District 4,107.53,108.13087
2022-03-24,District 4,109.71,108.18961
2022-03-25,District 4,108.71,108.55486
2022-03-28,District 4,107.34,108.89191
2022-03-29,District 4,108.2,108.02311
2022-03-30,District 4,108.88,107.9445
2022-03-31,District 4,110.62,108.25532
2022-04-01,District 4,107.69,109.75756
2022-04-04,District 4,106.13,109.62113
2022-04-05,District 4,105.13,108.60291
2022-04-06,District 4,107.05,107.33895
2022-04-07,District 4,105.6,107.60729
2022-04-08,District 4,108.04,107.72594
2022-04-12,District 4,105.77,107.83144
2022-04-13,District 4,105.77,107.572556
2022-04-14,District 4,109.65,107.11421
2022-04-15,District 4,107.17,107.27937
2022-04-18,District 4,107.56,107.72822
2022-04-19,District 4,107.95,107.91201
2022-04-20,District 4,107.75,107.78597
2022-04-21,District 4,108.64,107.71318
2022-04-22,District 4,105.49,107.56028
2022-04-25,District 4,108.92,107.50173
2022-04-26,District 4,106.58,107.86778
2022-04-27,District 4,109.64,107.53576
2022-04-28,District 4,105.51,108.21032
2022-04-29,District 4,108.42,107.690445
2022-05-04,District 4,109.04,108.19159
2022-05-05,District 4,107.52,107.53207
2022-05-06,District 4,107.39,108.04386
2022-05-09,District 4,109.32,107.89488
2022-05-10,District 4,111.48,108.34135
2022-05-11,District 4,108.0,108.86758
2022-05-12,District 4,107.16,109.14066
2022-05-13,District 4,110.19,108.934814
2022-05-16,District 4,109.59,108.27596
2022-05-17,District 4,109.61,108.922195
2022-05-18,District 4,111.93,109.60113
2022-05-19,District 4,109.68,109.90736
2022-05-20,District 4,109.94,109.52408
2022-05-23,District 4,109.94,109.31165
2022-05-24,District 4,108.96,111.07241
2022-05-25,District 4,109.36,109.65688
2022-05-26,District 4,108.04,109.831894
2022-05-27,District 4,107.47,109.322495
2022-05-30,District 4,108.14,108.535934
2022-05-31,District 4,108.47,108.50474
2022-06-01,District 4,106.18,109.43462
2022-06-02,District 4,104.94,108.37256
2022-06-03,District 4,107.06,108.4392
2022-06-06,District 4,105.02,107.77495
2022-06-07,District 4,104.8,106.98281
2022-06-08,District 4,108.83,106.97156
2022-06-09,District 4,105.2,107.16114
2022-06-10,District 4,107.24,106.76782
2022-06-13,District 4,104.66,107.29746
2022-06-14,District 4,105.41,106.53477
2022-06-15,District 4,104.48,106.46211
2022-06-16,District 4,108.27,104.62471
2022-06-17,District 4,104.38,107.26309
2022-06-20,District 4,106.8,106.28569
2021-05-28,District 5,199.52,196.31154
2021-05-31,District 5,199.48,197.59843
2021-06-01,District 5,198.81,197.7889
2021-06-02,District 5,199.15,199.60504
2021-06-03,District 5,198.22,199.50478
2021-06-04,District 5,196.04,198.31497
2021-06-07,District 5,196.79,196.8416
2021-06-08,District 5,197.08,196.78613
2021-06-09,District 5,196.9,196.34619
2021-06-10,District 5,198.61,196.12985
2021-06-11,District 5,199.54,197.42717
2021-06-14,District 5,200.02,198.86836
2021-06-15,District 5,197.81,199.80737
2021-06-16,District 5,197.28,198.61485
2021-06-17,District 5,198.5,198.08344
2021-06-18,District 5,196.11,197.66034
2021-06-21,District 5,196.66,196.86595
2021-06-22,District 5,198.05,196.85332
2021-06-23,District 5,200.87,196.17894
2021-06-24,District 5,196.82,198.82315
2021-06-25,District 5,199.83,197.9011
2021-06-28,District 5,196.82,199.14348
2021-06-29,District 5,200.58,196.85994
2021-06-30,District 5,200.98,198.67944
2021-07-01,District 5,195.1,198.33337
2021-07-02,District 5,193.37,197.51512
2021-07-05,District 5,195.02,195.70332
2021-07-06,District 5,194.79,195.39694
2021-07-07,District 5,196.48,195.01036
2021-07-08,District 5,193.09,195.87857
2021-07-09,District 5,193.01,195.12083
2021-07-12,District 5,193.69,194.47787
2021-07-13,District 5,196.47,193.25215
2021-07-14,District 5,194.05,195.5851
2021-07-15,District 5,194.63,194.97908
2021-07-16,District 5,196.31,195.28181
2021-07-19,District 5,197.75,195.57986
2021-07-20,District 5,196.89,196.12578
2021-07-21,District 5,195.32,195.87698
2021-07-22,District 5,195.35,195.7085
2021-07-23,District 5,193.52,195.10492
2021-07-26,District 5,195.67,194.89703
2021-07-27,District 5,195.45,195.63814
2021-07-28,District 5,197.74,195.6492
2021-07-29,District 5,197.71,196.17787
2021-07-30,District 5,193.99,196.38503
2021-08-02,District 5,196.66,194.14868
2021-08-03,District 5,197.6,195.4844
2021-08-04,District 5,197.45,196.1523
2021-08-05,District 5,194.75,196.67505
2021-08-06,District 5,196.9,195.49533
2021-08-09,District 5,198.99,196.28058
2021-08-10,District 5,194.66,197.65204
2021-08-11,District 5,195.55,196.26123
2021-08-12,District 5,194.8,196.58763
2021-08-13,District 5,197.9,195.30812
2021-08-16,District 5,198.6,196.28105
2021-08-17,District 5,197.97,197.87657
2021-08-18,District 5,198.78,197.4956
2021-08-19,District 5,198.65,199.03508
2021-08-20,District 5,195.19,198.8416
2021-08-23,District 5,195.85,197.15836
2021-08-24,District 5,198.5,196.58463
2021-08-25,District 5,196.89,197.62662
2021-08-26,District 5,197.9,197.0664
2021-08-27,District 5,196.24,196.9779
2021-08-30,District 5,195.63,195.97412
2021-08-31,District 5,196.91,195.87436
2021-09-01,District 5,197.57,194.96803
2021-09-06,District 5,199.05,196.59265
2021-09-07,District 5,198.46,198.08333
2021-09-08,District 5,195.11,199.01952
2021-09-09,District 5,198.15,197.6627
2021-09-10,District 5,198.48,196.98451
2021-09-13,District 5,195.82,197.5028
2021-09-14,District 5,196.43,196.95065
2021-09-15,District 5,197.75,196.59598
2021-09-16,District 5,195.79,196.46681
2021-09-17,District 5,196.07,196.1505
2021-09-20,District 5,195.59,196.25502
2021-09-21,District 5,195.15,195.83266
2021-09-22,District 5,198.4,196.15121
2021-09-23,District 5,196.89,197.48677
2021-09-24,District 5,199.42,196.79237
2021-09-27,District 5,198.16,198.98007
2021-09-28,District 5,199.6,197.8008
2021-09-29,District 5,196.22,198.98834
2021-09-30,District 5,196.15,196.35226
2021-10-01,District 5,197.2,196.47093
2021-10-04,District 5,199.71,196.54335
2021-10-05,District 5,198.67,197.42479
2021-10-06,District 5,198.55,199.05128
2021-10-07,District 5,195.02,199.80634
2021-10-08,District 5,195.74,197.35257
2021-10-11,District 5,195.44,196.3421
2021-10-12,District 5,199.15,196.03117
2021-10-13,District 5,197.39,197.49121
2021-10-14,District 5,197.5,196.97948
2021-10-15,District 5,196.22,197.37373
2021-10-18,District 5,195.02,196.49507
2021-10-19,District 5,196.0,196.30374
2021-10-20,District 5,196.07,196.06337
2021-10-21,District 5,195.06,196.22444
2021-10-22,District 5,198.7,196.02544
2021-10-25,District 5,197.28,197.09146
2021-10-26,District 5,197.26,196.56697
2021-10-27,District 5,197.56,196.93694
2021-10-28,District 5,199.98,196.44891
2021-10-29,District 5,198.53,198.60416
2021-11-01,District 5,196.93,198.3091
2021-11-02,District 5,198.84,197.80714
2021-11-03,District 5,194.02,199.37671
2021-11-04,District 5,195.33,195.8426
2021-11-05,District 5,198.97,196.43779
2021-11-08,District 5,197.17,197.29143
2021-11-09,District 5,198.38,196.87315
2021-11-10,District 5,196.05,199.05563
2021-11-11,District 5,197.98,196.85101
2021-11-12,District 5,197.03,197.19975
2021-11-15,District 5,197.76,196.43109
2021-11-16,District 5,197.79,196.55626
2021-11-17,District 5,195.27,196.66643
2021-11-18,District 5,196.07,196.38548
2021-11-19,District 5,198.4,196.05641
2021-11-22,District 5,198.66,197.34608
2021-11-23,District 5,195.96,198.28372
2021-11-24,District 5,198.47,197.34554
2021-11-25,District 5,197.49,198.23296
2021-11-26,District 5,196.79,196.9308
2021-11-29,District 5,198.89,196.70064
2021-11-30,District 5,195.93,197.6017
2021-12-01,District 5,198.25,195.74538
2021-12-02,District 5,198.37,196.51074
2021-12-03,District 5,200.27,198.89278
2021-12-06,District 5,197.0,199.71935
2021-12-07,District 5,200.17,198.52072
2021-12-08,District 5,198.42,198.76653
2021-12-09,District 5,198.51,199.13766
2021-12-10,District 5,200.25,199.57785
2021-12-13,District 5,199.7,199.61227
2021-12-14,District 5,200.47,199.47195
2021-12-15,District 5,200.91,199.15428
2021-12-16,District 5,198.18,199.53656
2021-12-17,District 5,198.51,198.42929
2021-12-20,District 5,197.98,199.17969
2021-12-21,District 5,197.95,198.18787
2021-12-22,District 5,197.46,197.58092
2021-12-23,District 5,196.73,196.40572
2021-12-24,District 5,199.8,196.64006
2021-12-27,District 5,196.93,197.88138
2021-12-28,District 5,196.24,197.02408
2021-12-29,District 5,197.42,196.66595
2021-12-30,District 5,199.22,195.73601
2021-12-31,District 5,200.11,197.42174
2022-01-04,District 5,198.32,198.6047
2022-01-05,District 5,200.15,198.29921
2022-01-06,District 5,200.88,199.43262
2022-01-07,District 5,198.85,199.02605
2022-01-10,District 5,198.52,199.5996
2022-01-11,District 5,196.03,199.52925
2022-01-12,District 5,200.19,196.89006
2022-01-13,District 5,198.01,198.53745
2022-01-14,District 5,199.98,197.49646
2022-01-17,District 5,196.66,198.84387
2022-01-18,District 5,196.18,197.12274
2022-01-19,District 5,200.89,196.40575
2022-01-20,District 5,199.41,197.38928
2022-01-21,District 5,196.4,198.92236
2022-01-24,District 5,199.7,197.6322
2022-01-25,District 5,196.17,198.46696
2022-01-26,District 5,198.35,196.26657
2022-01-27,District 5,198.5,197.57416
2022-01-28,District 5,196.05,198.22353
2022-02-07,District 5,198.18,197.45226
2022-02-08,District 5,200.8,197.25545
2022-02-09,District 5,199.53,198.77454
2022-02-10,District 5,199.83,199.5891
2022-02-11,District 5,200.02,199.47913
2022-02-14,District 5,199.84,198.57814
2022-02-15,District 5,198.65,198.69766
2022-02-16,District 5,198.7,199.44879
2022-02-17,District 5,198.73,199.44087
2022-02-18,District 5,199.42,199.52177
2022-02-21,District 5,196.94,199.82957
2022-02-22,District 5,197.88,198.44559
2022-02-23,District 5,199.22,198.45198
2022-02-24,District 5,197.37,198.45566
2022-02-25,District 5,196.68,197.38115
2022-02-28,District 5,197.1,196.84775
2022-03-01,District 5,200.95,194.871
2022-03-02,District 5,201.31,198.04263
2022-03-03,District 5,201.08,199.46208
2022-03-04,District 5,199.98,199.3085
2022-03-07,District 5,201.75,199.74567
2022-03-08,District 5,202.34,199.60245
2022-03-09,District 5,199.79,200.8724
2022-03-10,District 5,200.9,199.8923
2022-03-11,District 5,200.99,199.74033
2022-03-14,District 5,198.61,199.58014
2022-03-15,District 5,202.08,199.65213
2022-03-16,District 5,201.21,199.54445
2022-03-17,District 5,198.44,199.66406
2022-03-18,District 5,199.43,199.44724
2022-03-21,District 5,202.66,199.44308
2022-03-22,District 5,199.24,200.91455
2022-03-23,District 5,198.58,199.40555
2022-03-24,District 5,202.48,199.83128
2022-03-25,District 5,201.6,200.96005
2022-03-28,District 5,200.45,199.30765
2022-03-29,District 5,199.56,199.70334
2022-03-30,District 5,202.1,199.66937
2022-03-31,District 5,199.65,199.68059
2022-04-01,District 5,193.91,199.24615
2022-04-04,District 5,194.07,197.28517
2022-04-05,District 5,192.23,195.39308
2022-04-06,District 5,192.09,194.23184
2022-04-07,District 5,195.61,193.79341
2022-04-08,District 5,192.36,194.4589
2022-04-12,District 5,195.5,193.79662
2022-04-13,District 5,191.59,195.1266
2022-04-14,District 5,194.27,193.82999
2022-04-15,District 5,192.49,193.27988
2022-04-18,District 5,195.59,194.188
2022-04-19,District 5,192.64,194.74872
2022-04-20,District 5,195.38,193.94147
2022-04-21,District 5,191.66,194.77348
2022-04-22,District 5,192.27,193.29248
2022-04-25,District 5,192.44,191.7573
2022-04-26,District 5,191.51,193.4924
2022-04-27,District 5,191.61,192.92085
2022-04-28,District 5,194.45,191.46109
2022-04-29,District 5,195.33,192.52104
2022-05-04,District 5,191.79,196.00987
2022-05-05,District 5,193.22,193.52005
2022-05-06,District 5,189.71,193.01265
2022-05-09,District 5,192.66,190.98611
2022-05-10,District 5,192.69,192.39682
2022-05-11,District 5,193.11,193.42313
2022-05-12,District 5,189.56,194.06679
2022-05-13,District 5,193.35,191.42873
2022-05-16,District 5,189.17,192.7548
2022-05-17,District 5,191.68,190.69725
2022-05-18,District 5,193.61,191.72969
2022-05-19,District 5,191.0,192.12805
2022-05-20,District 5,192.92,192.59515
2022-05-23,District 5,193.95,192.09409
2022-05-24,District 5,190.88,193.45822
2022-05-25,District 5,191.17,192.45003
2022-05-26,District 5,189.66,191.39247
2022-05-27,District 5,190.96,189.57478
2022-05-30,District 5,190.65,190.59888
2022-05-31,District 5,192.87,189.28421
2022-06-01,District 5,192.46,194.0004
2022-06-02,District 5,194.14,193.33565
2022-06-03,District 5,193.59,194.20377
2022-06-06,District 5,193.31,193.81822
2022-06-07,District 5,194.7,193.71062
2022-06-08,District 5,191.4,193.70883
2022-06-09,District 5,193.34,193.21843
2022-06-10,District 5,190.45,192.63486
2022-06-13,District 5,190.63,191.45856
2022-06-14,District 5,191.56,190.19678
2022-06-15,District 5,191.61,192.32089
2022-06-16,District 5,190.12,191.86469
2022-06-17,District 5,193.32,189.77574
2022-06-20,District 5,194.47,192.42047
2021-05-28,District 6,105.39,106.758026
2021-05-31,District 6,108.71,105.682495
2021-06-01,District 6,106.64,106.6866
2021-06-02,District 6,105.03,106.85665
2021-06-03,District 6,105.45,106.98498
2021-06-04,District 6,107.27,106.02884
2021-06-07,District 6,105.53,107.10101
2021-06-08,District 6,106.7,106.3433
2021-06-09,District 6,108.26,106.88819
2021-06-10,District 6,108.22,106.89743
2021-06-11,District 6,107.55,106.591774
2021-06-14,District 6,104.93,106.5786
2021-06-15,District 6,106.95,106.49766
2021-06-16,District 6,107.02,106.52537
2021-06-17,District 6,104.77,106.7407
2021-06-18,District 6,104.11,106.62834
2021-06-21,District 6,104.11,105.08805
2021-06-22,District 6,108.95,104.00924
2021-06-23,District 6,106.37,105.76312
2021-06-24,District 6,104.51,106.3451
2021-06-25,District 6,108.52,106.223404
2021-06-28,District 6,106.85,106.23201
2021-06-29,District 6,106.05,106.28096
2021-06-30,District 6,108.13,106.73216
2021-07-01,District 6,106.93,107.4605
2021-07-02,District 6,108.18,107.31452
2021-07-05,District 6,107.71,107.044876
2021-07-06,District 6,105.33,107.11405
2021-07-07,District 6,108.57,106.73553
2021-07-08,District 6,106.65,106.54773
2021-07-09,District 6,108.8,106.6989
2021-07-12,District 6,107.68,107.1615
2021-07-13,District 6,106.59,106.999695
2021-07-14,District 6,104.23,106.92307
2021-07-15,District 6,107.15,105.70716
2021-07-16,District 6,104.52,106.626
2021-07-19,District 6,105.1,104.56588
2021-07-20,District 6,108.1,106.53709
2021-07-21,District 6,108.34,106.532036
2021-07-22,District 6,105.7,106.55205
2021-07-23,District 6,104.4,106.749756
2021-07-26,District 6,104.98,106.39893
2021-07-27,District 6,109.0,104.42917
2021-07-28,District 6,107.08,105.973114
2021-07-29,District 6,108.71,106.89017
2021-07-30,District 6,106.05,106.98294
2021-08-02,District 6,106.38,107.25835
2021-08-03,District 6,106.65,107.17298
2021-08-04,District 6,107.54,106.671936
2021-08-05,District 6,107.81,107.13499
2021-08-06,District 6,105.02,106.934906
2021-08-09,District 6,107.18,106.52194
2021-08-10,District 6,104.69,106.18255
2021-08-11,District 6,106.56,106.361374
2021-08-12,District 6,104.5,106.23988
2021-08-13,District 6,108.08,104.51609
2021-08-16,District 6,107.45,106.36455
2021-08-17,District 6,104.97,106.44821
2021-08-18,District 6,105.63,106.731834
2021-08-19,District 6,108.82,106.06644
2021-08-20,District 6,107.93,106.32355
2021-08-23,District 6,107.67,106.30601
2021-08-24,District 6,108.25,107.19813
2021-08-25,District 6,105.83,107.13593
2021-08-26,District 6,105.2,106.799866
2021-08-27,District 6,106.22,106.089745
2021-08-30,District 6,106.99,106.52234
2021-08-31,District 6,108.84,106.41594
2021-09-01,District 6,107.32,107.01503
2021-09-06,District 6,105.72,107.4639
2021-09-07,District 6,108.06,106.81178
2021-09-08,District 6,108.07,106.70703
2021-09-09,District 6,108.63,106.728355
2021-09-10,District 6,106.09,106.91512
2021-09-13,District 6,109.8,107.09288
2021-09-14,District 6,108.84,107.175545
2021-09-15,District 6,105.78,106.632034
2021-09-16,District 6,107.31,107.60436
2021-09-17,District 6,109.17,107.06492
2021-09-20,District 6,109.23,107.125534
2021-09-21,District 6,107.63,106.9046
2021-09-22,District 6,108.36,107.57391
2021-09-23,District 6,109.68,107.405525
2021-09-24,District 6,105.97,107.01146
2021-09-27,District 6,107.74,107.0472
2021-09-28,District 6,108.78,107.15756
2021-09-29,District 6,105.34,107.16266
2021-09-30,District 6,106.88,106.49973
2021-10-01,District 6,108.97,106.6881
2021-10-04,District 6,106.27,106.96009
2021-10-05,District 6,107.85,106.91668
2021-10-06,District 6,107.57,107.463524
2021-10-07,District 6,107.89,107.310234
2021-10-08,District 6,109.47,107.35946
2021-10-11,District 6,109.38,107.27136
2021-10-12,District 6,108.65,108.2991
2021-10-13,District 6,108.21,107.75097
2021-10-14,District 6,109.27,108.134125
2021-10-15,District 6,106.47,107.28496
2021-10-18,District 6,109.14,107.22427
2021-10-19,District 6,108.42,108.11723
2021-10-20,District 6,106.05,107.18671
2021-10-21,District 6,108.47,107.01069
2021-10-22,District 6,106.2,107.20249
2021-10-25,District 6,110.82,107.11608
2021-10-26,District 6,110.84,107.313835
2021-10-27,District 6,108.39,109.08217
2021-10-28,District 6,106.15,108.919876
2021-10-29,District 6,110.61,107.07409
2021-11-01,District 6,108.55,108.408134
2021-11-02,District 6,109.35,107.58418
2021-11-03,District 6,106.32,110.37253
2021-11-04,District 6,106.6,108.01135
2021-11-05,District 6,106.85,107.35312
2021-11-08,District 6,106.49,106.70325
2021-11-09,District 6,110.3,107.13286
2021-11-10,District 6,107.44,107.326
2021-11-11,District 6,106.97,107.53955
2021-11-12,District 6,107.75,107.33385
2021-11-15,District 6,108.84,106.8634
2021-11-16,District 6,109.76,107.24363
2021-11-17,District 6,109.46,108.25346
2021-11-18,District 6,108.13,109.456635
2021-11-19,District 6,110.29,108.28504
2021-11-22,District 6,110.12,109.71857
2021-11-23,District 6,108.53,109.204216
2021-11-24,District 6,107.89,110.349724
2021-11-25,District 6,110.92,109.522446
2021-11-26,District 6,110.24,109.23554
2021-11-29,District 6,107.12,109.662476
2021-11-30,District 6,110.01,109.67446
2021-12-01,District 6,108.27,108.0969
2021-12-02,District 6,110.75,108.12926
2021-12-03,District 6,109.03,110.23046
2021-12-06,District 6,110.06,109.93299
2021-12-07,District 6,110.38,109.86872
2021-12-08,District 6,109.04,109.9695
2021-12-09,District 6,109.39,109.80219
2021-12-10,District 6,109.95,109.69022
2021-12-13,District 6,109.82,111.08723
2021-12-14,District 6,108.77,111.17073
2021-12-15,District 6,106.09,110.88774
2021-12-16,District 6,106.87,108.01111
2021-12-17,District 6,108.57,107.36477
2021-12-20,District 6,109.25,107.41545
2021-12-21,District 6,108.17,107.559
2021-12-22,District 6,106.47,107.42803
2021-12-23,District 6,107.88,107.46418
2021-12-24,District 6,108.16,107.1415
2021-12-27,District 6,109.54,107.13846
2021-12-28,District 6,110.19,107.076
2021-12-29,District 6,107.32,109.541664
2021-12-30,District 6,107.18,107.92845
2021-12-31,District 6,108.22,106.79388
2022-01-04,District 6,109.38,108.04415
2022-01-05,District 6,108.78,107.792984
2022-01-06,District 6,111.63,109.75177
2022-01-07,District 6,107.19,110.32638
2022-01-10,District 6,108.04,108.80359
2022-01-11,District 6,110.92,108.85669
2022-01-12,District 6,110.9,108.45661
2022-01-13,District 6,111.41,110.05551
2022-01-14,District 6,108.04,110.31938
2022-01-17,District 6,107.98,109.59435
2022-01-18,District 6,107.91,109.21812
2022-01-19,District 6,109.53,108.28727
2022-01-20,District 6,107.95,108.4202
2022-01-21,District 6,109.73,108.46832
2022-01-24,District 6,108.94,109.70786
2022-01-25,District 6,109.96,109.48064
2022-01-26,District 6,110.3,110.02711
2022-01-27,District 6,107.7,110.03148
2022-01-28,District 6,110.43,110.45639
2022-02-07,District 6,110.7,110.20996
2022-02-08,District 6,112.34,110.022255
2022-02-09,District 6,108.64,112.4014
2022-02-10,District 6,108.75,109.798416
2022-02-11,District 6,112.12,110.207
2022-02-14,District 6,109.01,112.16403
2022-02-15,District 6,112.84,109.71622
2022-02-16,District 6,112.08,112.307365
2022-02-17,District 6,110.21,112.56216
2022-02-18,District 6,109.49,110.44334
2022-02-21,District 6,111.06,109.64883
2022-02-22,District 6,110.55,110.00098
2022-02-23,District 6,108.58,109.92641
2022-02-24,District 6,112.46,109.92669
2022-02-25,District 6,108.93,112.28247
2022-02-28,District 6,109.51,110.040504
2022-03-01,District 6,108.55,109.285
2022-03-02,District 6,109.97,109.98447
2022-03-03,District 6,107.67,110.48485
2022-03-04,District 6,109.17,108.25162
2022-03-07,District 6,108.2,109.86244
2022-03-08,District 6,106.77,108.120895
2022-03-09,District 6,110.55,107.4097
2022-03-10,District 6,108.48,108.46517
2022-03-11,District 6,109.17,108.26551
2022-03-14,District 6,109.6,109.17677
2022-03-15,District 6,106.29,109.27896
2022-03-16,District 6,110.14,107.3075
2022-03-17,District 6,107.57,107.50088
2022-03-18,District 6,108.3,108.14368
2022-03-21,District 6,109.97,107.862686
2022-03-22,District 6,106.35,108.17794
2022-03-23,District 6,110.35,106.49636
2022-03-24,District 6,106.56,109.272835
2022-03-25,District 6,108.25,107.145676
2022-03-28,District 6,107.6,107.271576
2022-03-29,District 6,107.64,107.12639
2022-03-30,District 6,108.73,107.184784
2022-03-31,District 6,108.44,107.000374
2022-04-01,District 6,107.87,108.12001
2022-04-04,District 6,108.62,107.80839
2022-04-05,District 6,108.26,107.8782
2022-04-06,District 6,108.57,107.54827
2022-04-07,District 6,107.86,108.07451
2022-04-08,District 6,109.86,107.87581
2022-04-12,District 6,107.11,109.20362
2022-04-13,District 6,108.22,107.2634
2022-04-14,District 6,107.75,107.33064
2022-04-15,District 6,106.58,107.286285
2022-04-18,District 6,109.62,106.98064
2022-04-19,District 6,105.25,106.69848
2022-04-20,District 6,108.83,106.64241
2022-04-21,District 6,105.18,107.29406
2022-04-22,District 6,107.23,106.68625
2022-04-25,District 6,106.01,106.872574
2022-04-26,District 6,105.68,106.96641
2022-04-27,District 6,106.37,107.25727
2022-04-28,District 6,106.9,106.29209
2022-04-29,District 6,107.18,106.98602
2022-05-04,District 6,107.6,106.871376
2022-05-05,District 6,109.02,107.395485
2022-05-06,District 6,105.35,106.9953
2022-05-09,District 6,109.63,106.45888
2022-05-10,District 6,105.14,107.1964
2022-05-11,District 6,109.14,106.36994
2022-05-12,District 6,108.44,106.91357
2022-05-13,District 6,105.41,106.86638
2022-05-16,District 6,107.19,107.17351
2022-05-17,District 6,107.34,106.664276
2022-05-18,District 6,108.35,107.212975
2022-05-19,District 6,107.16,106.9835
2022-05-20,District 6,106.67,107.16069
2022-05-23,District 6,105.92,107.28835
2022-05-24,District 6,107.01,106.43417
2022-05-25,District 6,109.09,106.85664
2022-05-26,District 6,107.08,107.16525
2022-05-27,District 6,105.12,107.35015
2022-05-30,District 6,109.7,106.72028
2022-05-31,District 6,108.47,106.58812
2022-06-01,District 6,106.46,104.8402
2022-06-02,District 6,107.68,106.005135
2022-06-03,District 6,105.88,107.35465
2022-06-06,District 6,106.22,106.818855
2022-06-07,District 6,108.11,106.29617
2022-06-08,District 6,105.08,107.2861
2022-06-09,District 6,107.37,106.35759
2022-06-10,District 6,105.97,106.662544
2022-06-13,District 6,105.27,106.48616
2022-06-14,District 6,108.24,106.07329
2022-06-15,District 6,107.68,106.361984
2022-06-16,District 6,107.85,106.956764
2022-06-17,District 6,107.42,107.14096
2022-06-20,District 6,105.23,107.198906
2021-05-28,District 7,87.87,89.92494
2021-05-31,District 7,86.62,88.67565
2021-06-01,District 7,89.05,88.7016
2021-06-02,District 7,87.2,89.98811
2021-06-03,District 7,91.93,88.82236
2021-06-04,District 7,89.97,90.1895
2021-06-07,District 7,88.8,89.41345
2021-06-08,District 7,90.02,89.76637
2021-06-09,District 7,89.88,89.70527
2021-06-10,District 7,90.58,89.797295
2021-06-11,District 7,91.04,89.74952
2021-06-14,District 7,89.92,90.34077
2021-06-15,District 7,91.96,90.30079
2021-06-16,District 7,91.47,90.45197
2021-06-17,District 7,89.36,90.63862
2021-06-18,District 7,89.76,90.33134
2021-06-21,District 7,89.48,90.31556
2021-06-22,District 7,91.41,89.74905
2021-06-23,District 7,88.27,90.95238
2021-06-24,District 7,90.68,90.14743
2021-06-25,District 7,87.34,90.32253
2021-06-28,District 7,91.04,88.99975
2021-06-29,District 7,87.73,89.84271
2021-06-30,District 7,91.24,88.88639
2021-07-01,District 7,89.83,89.91894
2021-07-02,District 7,87.83,89.30472
2021-07-05,District 7,91.8,89.36417
2021-07-06,District 7,91.86,89.88671
2021-07-07,District 7,89.31,90.657936
2021-07-08,District 7,91.0,91.00214
2021-07-09,District 7,89.29,90.83266
2021-07-12,District 7,88.39,89.95817
2021-07-13,District 7,90.99,89.647644
2021-07-14,District 7,91.69,90.583145
2021-07-15,District 7,88.52,91.23381
2021-07-16,District 7,90.07,90.4798
2021-07-19,District 7,90.69,89.73736
2021-07-20,District 7,88.24,90.27146
2021-07-21,District 7,88.84,89.9248
2021-07-22,District 7,90.0,89.51361
2021-07-23,District 7,90.36,89.932785
2021-07-26,District 7,91.92,89.84603
2021-07-27,District 7,87.88,90.80187
2021-07-28,District 7,89.9,89.42693
2021-07-29,District 7,91.22,89.57268
2021-07-30,District 7,91.8,90.09478
2021-08-02,District 7,89.92,91.13249
2021-08-03,District 7,90.9,90.97659
2021-08-04,District 7,87.22,90.9134
2021-08-05,District 7,90.24,89.01941
2021-08-06,District 7,91.64,89.80958
2021-08-09,District 7,88.35,90.90517
2021-08-10,District 7,88.99,89.75491
2021-08-11,District 7,88.1,89.75955
2021-08-12,District 7,90.73,89.55
2021-08-13,District 7,87.19,89.760666
2021-08-16,District 7,87.44,88.99329
2021-08-17,District 7,88.44,88.53835
2021-08-18,District 7,88.07,88.3348
2021-08-19,District 7,87.61,88.750244
2021-08-20,District 7,87.57,87.90627
2021-08-23,District 7,87.01,87.8725
2021-08-24,District 7,91.23,87.20632
2021-08-25,District 7,91.83,89.466
2021-08-26,District 7,90.04,89.87482
2021-08-27,District 7,88.98,90.064445
2021-08-30,District 7,87.77,90.09887
2021-08-31,District 7,87.03,88.761536
2021-09-01,District 7,90.8,88.49883
2021-09-06,District 7,92.82,89.75374
2021-09-07,District 7,91.67,90.60391
2021-09-08,District 7,90.74,90.57589
2021-09-09,District 7,89.13,90.55891
2021-09-10,District 7,90.77,90.30873
2021-09-13,District 7,92.82,90.31546
2021-09-14,District 7,92.31,91.377785
2021-09-15,District 7,92.74,91.71727
2021-09-16,District 7,92.38,91.89489
2021-09-17,District 7,91.74,91.310844
2021-09-20,District 7,88.36,91.51728
2021-09-21,District 7,91.22,90.816444
2021-09-22,District 7,89.41,90.96704
2021-09-23,District 7,92.05,90.48844
2021-09-24,District 7,92.82,91.40544
2021-09-27,District 7,91.24,91.486664
2021-09-28,District 7,89.28,91.167145
2021-09-29,District 7,90.7,90.57392
2021-09-30,District 7,89.71,91.11585
2021-10-01,District 7,90.71,91.19469
2021-10-04,District 7,92.12,91.03146
2021-10-05,District 7,88.15,91.490944
2021-10-06,District 7,88.4,90.41705
2021-10-07,District 7,89.03,89.896706
2021-10-08,District 7,91.93,89.867
2021-10-11,District 7,88.65,90.35487
2021-10-12,District 7,88.46,89.5053
2021-10-13,District 7,90.56,89.72154
2021-10-14,District 7,88.93,89.75833
2021-10-15,District 7,91.15,89.98555
2021-10-18,District 7,92.29,90.12555
2021-10-19,District 7,90.63,90.88968
2021-10-20,District 7,91.21,90.469666
2021-10-21,District 7,91.31,90.789246
2021-10-22,District 7,90.2,91.10262
2021-10-25,District 7,91.62,90.701706
2021-10-26,District 7,88.33,90.98569
2021-10-27,District 7,91.91,90.39528
2021-10-28,District 7,91.55,91.034744
2021-10-29,District 7,88.31,91.50838
2021-11-01,District 7,90.79,90.09013
2021-11-02,District 7,89.87,90.49273
2021-11-03,District 7,92.8,89.9379
2021-11-04,District 7,88.09,91.00941
2021-11-05,District 7,89.57,90.46824
2021-11-08,District 7,91.21,90.18177
2021-11-09,District 7,89.16,90.100624
2021-11-10,District 7,92.35,90.09522
2021-11-11,District 7,90.79,91.04852
2021-11-12,District 7,90.22,90.94185
2021-11-15,District 7,90.66,90.577576
2021-11-16,District 7,89.72,90.57637
2021-11-17,District 7,88.18,90.11536
2021-11-18,District 7,90.17,89.686745
2021-11-19,District 7,92.33,90.19356
2021-11-22,District 7,92.69,90.610985
2021-11-23,District 7,92.98,91.06131
2021-11-24,District 7,88.14,91.82361
2021-11-25,District 7,90.17,90.80074
2021-11-26,District 7,88.13,90.92973
2021-11-29,District 7,92.81,90.035675
2021-11-30,District 7,90.05,91.68293
2021-12-01,District 7,89.12,91.137856
2021-12-02,District 7,89.73,91.22737
2021-12-03,District 7,90.72,89.99468
2021-12-06,District 7,89.74,90.183945
2021-12-07,District 7,90.9,89.89699
2021-12-08,District 7,88.44,91.08675
2021-12-09,District 7,88.83,89.93138
2021-12-10,District 7,90.23,89.56885
2021-12-13,District 7,87.16,89.58628
2021-12-14,District 7,90.55,89.09685
2021-12-15,District 7,88.91,89.83385
2021-12-16,District 7,89.12,89.65423
2021-12-17,District 7,90.59,89.41234
2021-12-20,District 7,89.81,89.760155
2021-12-21,District 7,88.29,89.65087
2021-12-22,District 7,90.74,89.74503
2021-12-23,District 7,88.36,89.99535
2021-12-24,District 7,88.05,89.495674
2021-12-27,District 7,90.28,89.71132
2021-12-28,District 7,90.94,89.68328
2021-12-29,District 7,89.14,89.97163
2021-12-30,District 7,88.08,89.850685
2021-12-31,District 7,90.15,89.49022
2022-01-04,District 7,90.19,90.4955
2022-01-05,District 7,88.76,90.50216
2022-01-06,District 7,92.96,90.31266
2022-01-07,District 7,88.97,90.81153
2022-01-10,District 7,88.49,89.90491
2022-01-11,District 7,90.29,89.63995
2022-01-12,District 7,90.1,89.72071
2022-01-13,District 7,88.63,89.59044
2022-01-14,District 7,90.4,89.700195
2022-01-17,District 7,90.72,90.34236
2022-01-18,District 7,91.88,90.47079
2022-01-19,District 7,89.5,90.855545
2022-01-20,District 7,88.9,90.33654
2022-01-21,District 7,89.39,90.12774
2022-01-24,District 7,89.73,90.193214
2022-01-25,District 7,89.36,90.04435
2022-01-26,District 7,88.82,90.44884
2022-01-27,District 7,92.46,89.91316
2022-01-28,District 7,91.79,90.52007
2022-02-07,District 7,89.06,91.10494
2022-02-08,District 7,91.51,90.582596
2022-02-09,District 7,87.55,90.70562
2022-02-10,District 7,91.93,89.440056
2022-02-11,District 7,91.88,90.989685
2022-02-14,District 7,88.04,91.23209
2022-02-15,District 7,90.83,90.469864
2022-02-16,District 7,91.64,90.548935
2022-02-17,District 7,91.93,90.654106
2022-02-18,District 7,87.8,90.97914
2022-02-21,District 7,87.5,90.46639
2022-02-22,District 7,91.81,89.37602
2022-02-23,District 7,91.95,89.96613
2022-02-24,District 7,88.32,91.10913
2022-02-25,District 7,87.33,90.06959
2022-02-28,District 7,90.73,88.897705
2022-03-01,District 7,90.14,89.31504
2022-03-02,District 7,88.71,89.913666
2022-03-03,District 7,89.46,89.97787
2022-03-04,District 7,92.34,89.543045
2022-03-07,District 7,92.61,90.07289
2022-03-08,District 7,88.29,90.69235
2022-03-09,District 7,92.69,90.15027
2022-03-10,District 7,90.04,90.82565
2022-03-11,District 7,92.19,90.536514
2022-03-14,District 7,88.53,91.52644
2022-03-15,District 7,89.28,91.128914
2022-03-16,District 7,91.42,90.477745
2022-03-17,District 7,89.76,89.9073
2022-03-18,District 7,88.7,90.66195
2022-03-21,District 7,92.76,90.02906
2022-03-22,District 7,88.8,91.06551
2022-03-23,District 7,91.97,89.88555
2022-03-24,District 7,90.49,90.973885
2022-03-25,District 7,91.26,91.02714
2022-03-28,District 7,90.18,90.60691
2022-03-29,District 7,91.63,90.944885
2022-03-30,District 7,92.56,91.353516
2022-03-31,District 7,90.17,91.46227
2022-04-01,District 7,89.75,90.98796
2022-04-04,District 7,90.66,91.02285
2022-04-05,District 7,88.42,90.94406
2022-04-06,District 7,91.25,90.487434
2022-04-07,District 7,89.04,90.72765
2022-04-08,District 7,90.89,90.48043
2022-04-12,District 7,90.1,90.60439
2022-04-13,District 7,90.17,90.39417
2022-04-14,District 7,90.46,90.429474
2022-04-15,District 7,89.86,90.35468
2022-04-18,District 7,87.67,90.597755
2022-04-19,District 7,90.3,89.5107
2022-04-20,District 7,91.76,90.18703
2022-04-21,District 7,91.33,90.79125
2022-04-22,District 7,90.13,90.94131
2022-04-25,District 7,87.4,90.92745
2022-04-26,District 7,89.23,89.038956
2022-04-27,District 7,87.47,89.39279
2022-04-28,District 7,90.83,88.594246
2022-04-29,District 7,88.01,89.81327
2022-05-04,District 7,90.55,89.42281
2022-05-05,District 7,92.64,90.091774
2022-05-06,District 7,91.85,90.5967
2022-05-09,District 7,91.89,90.63226
2022-05-10,District 7,88.68,91.129005
2022-05-11,District 7,91.4,90.66612
2022-05-12,District 7,92.8,90.90452
2022-05-13,District 7,92.97,91.68661
2022-05-16,District 7,92.03,91.79243
2022-05-17,District 7,88.99,91.76669
2022-05-18,District 7,89.79,91.12778
2022-05-19,District 7,89.91,90.79002
2022-05-20,District 7,92.4,90.643974
2022-05-23,District 7,92.28,91.29285
2022-05-24,District 7,92.64,91.423065
2022-05-25,District 7,89.31,91.89498
2022-05-26,District 7,89.17,90.8266
2022-05-27,District 7,90.0,91.022736
2022-05-30,District 7,92.31,90.358315
2022-05-31,District 7,89.71,91.33902
2022-06-01,District 7,91.81,91.14855
2022-06-02,District 7,89.57,91.822044
2022-06-03,District 7,90.4,90.60297
2022-06-06,District 7,92.08,91.028694
2022-06-07,District 7,90.35,91.79192
2022-06-08,District 7,89.8,91.17719
2022-06-09,District 7,92.22,90.545166
2022-06-10,District 7,89.28,91.37818
2022-06-13,District 7,89.32,90.82834
2022-06-14,District 7,89.0,90.75467
2022-06-15,District 7,92.46,90.39672
2022-06-16,District 7,92.58,90.779686
2022-06-17,District 7,91.69,90.8562
2022-06-20,District 7,91.74,91.51532
2021-05-28,District 8,89.93,92.12058
2021-05-31,District 8,89.94,91.18583
2021-06-01,District 8,90.51,90.80888
2021-06-02,District 8,88.35,91.04858
2021-06-03,District 8,92.79,91.34474
2021-06-04,District 8,92.55,91.64838
2021-06-07,District 8,90.52,91.719826
2021-06-08,District 8,90.09,91.10696
2021-06-09,District 8,90.46,90.89996
2021-06-10,District 8,90.63,90.79184
2021-06-11,District 8,90.74,91.022644
2021-06-14,District 8,88.44,91.68151
2021-06-15,District 8,91.12,90.45513
2021-06-16,District 8,91.59,89.96062
2021-06-17,District 8,88.64,90.92488
2021-06-18,District 8,90.35,90.332886
2021-06-21,District 8,88.3,89.971565
2021-06-22,District 8,91.58,89.820496
2021-06-23,District 8,88.05,90.23772
2021-06-24,District 8,88.85,89.99525
2021-06-25,District 8,92.19,89.373985
2021-06-28,District 8,91.87,90.18101
2021-06-29,District 8,90.25,90.63768
2021-06-30,District 8,90.57,90.26811
2021-07-01,District 8,90.43,90.91299
2021-07-02,District 8,90.62,90.84181
2021-07-05,District 8,89.15,90.763565
2021-07-06,District 8,92.95,90.39206
2021-07-07,District 8,89.35,91.74874
2021-07-08,District 8,88.54,91.02666
2021-07-09,District 8,88.96,90.314445
2021-07-12,District 8,91.46,89.885414
2021-07-13,District 8,88.73,90.18253
2021-07-14,District 8,91.93,89.638824
2021-07-15,District 8,88.85,90.659225
2021-07-16,District 8,92.61,89.77207
2021-07-19,District 8,89.16,90.51324
2021-07-20,District 8,89.75,90.00675
2021-07-21,District 8,92.55,90.53632
2021-07-22,District 8,89.41,90.95791
2021-07-23,District 8,90.92,90.83307
2021-07-26,District 8,91.63,90.87633
2021-07-27,District 8,92.71,91.49348
2021-07-28,District 8,91.42,91.52474
2021-07-29,District 8,89.81,91.30207
2021-07-30,District 8,88.79,91.08856
2021-08-02,District 8,90.06,90.66068
2021-08-03,District 8,89.15,90.70676
2021-08-04,District 8,91.32,90.22172
2021-08-05,District 8,88.35,90.66484
2021-08-06,District 8,88.49,89.88277
2021-08-09,District 8,88.6,89.513374
2021-08-10,District 8,90.56,89.55794
2021-08-11,District 8,91.66,89.679016
2021-08-12,District 8,91.49,90.50085
2021-08-13,District 8,88.9,90.63622
2021-08-16,District 8,88.07,90.3757
2021-08-17,District 8,90.44,89.93323
2021-08-18,District 8,92.22,89.7916
2021-08-19,District 8,91.27,91.17017
2021-08-20,District 8,91.53,90.84105
2021-08-23,District 8,90.64,91.00256
2021-08-24,District 8,89.26,90.73322
2021-08-25,District 8,89.21,90.815285
2021-08-26,District 8,92.95,90.10955
2021-08-27,District 8,89.88,91.659836
2021-08-30,District 8,91.49,90.44382
2021-08-31,District 8,90.1,90.85415
2021-09-01,District 8,92.14,91.09705
2021-09-06,District 8,93.02,90.766396
2021-09-07,District 8,90.27,91.47809
2021-09-08,District 8,92.88,91.39192
2021-09-09,District 8,90.91,91.4791
2021-09-10,District 8,90.18,91.713684
2021-09-13,District 8,90.97,91.36035
2021-09-14,District 8,90.39,91.48242
2021-09-15,District 8,91.1,91.2313
2021-09-16,District 8,92.25,90.99685
2021-09-17,District 8,91.19,91.399284
2021-09-20,District 8,93.4,91.035805
2021-09-21,District 8,93.26,91.68289
2021-09-22,District 8,93.79,92.0147
2021-09-23,District 8,94.64,93.159515
2021-09-24,District 8,93.71,93.67865
2021-09-27,District 8,93.11,93.54067
2021-09-28,District 8,93.72,92.68238
2021-09-29,District 8,94.12,92.625175
2021-09-30,District 8,94.86,93.57161
2021-10-01,District 8,93.14,94.11094
2021-10-04,District 8,91.01,93.061516
2021-10-05,District 8,92.76,92.71202
2021-10-06,District 8,93.98,92.71034
2021-10-07,District 8,93.54,93.402176
2021-10-08,District 8,93.92,93.43703
2021-10-11,District 8,92.81,94.28656
2021-10-12,District 8,93.43,92.36028
2021-10-13,District 8,93.21,92.78618
2021-10-14,District 8,94.02,92.97213
2021-10-15,District 8,91.46,93.67986
2021-10-18,District 8,92.08,92.90355
2021-10-19,District 8,91.33,92.03426
2021-10-20,District 8,92.92,91.51259
2021-10-21,District 8,91.81,91.822624
2021-10-22,District 8,93.07,91.67384
2021-10-25,District 8,92.19,91.991486
2021-10-26,District 8,93.34,91.40335
2021-10-27,District 8,92.03,92.68415
2021-10-28,District 8,95.72,91.706985
2021-10-29,District 8,95.86,93.82218
2021-11-01,District 8,93.7,94.49473
2021-11-02,District 8,92.74,94.73999
2021-11-03,District 8,93.06,93.14009
2021-11-04,District 8,92.7,92.69115
2021-11-05,District 8,94.34,92.45416
2021-11-08,District 8,91.52,93.98309
2021-11-09,District 8,91.08,93.07851
2021-11-10,District 8,93.91,92.0469
2021-11-11,District 8,93.38,92.95071
2021-11-12,District 8,92.2,92.70639
2021-11-15,District 8,91.61,92.5328
2021-11-16,District 8,95.32,92.0016
2021-11-17,District 8,93.12,93.72708
2021-11-18,District 8,92.66,92.99464
2021-11-19,District 8,93.47,93.04245
2021-11-22,District 8,95.42,92.84572
2021-11-23,District 8,91.66,94.17146
2021-11-24,District 8,91.39,93.34307
2021-11-25,District 8,92.58,93.056046
2021-11-26,District 8,91.16,92.07018
2021-11-29,District 8,95.53,91.82334
2021-11-30,District 8,94.78,93.19736
2021-12-01,District 8,94.34,95.006134
2021-12-02,District 8,92.82,95.758965
2021-12-03,District 8,92.09,93.6142
2021-12-06,District 8,93.97,93.23069
2021-12-07,District 8,96.66,93.71654
2021-12-08,District 8,95.65,94.39851
2021-12-09,District 8,94.05,95.48541
2021-12-10,District 8,92.15,95.90903
2021-12-13,District 8,92.18,93.15856
2021-12-14,District 8,92.82,93.03137
2021-12-15,District 8,92.12,92.24872
2021-12-16,District 8,96.92,92.333916
2021-12-17,District 8,93.43,94.83009
2021-12-20,District 8,92.44,93.83506
2021-12-21,District 8,94.7,92.68682
2021-12-22,District 8,95.52,93.6912
2021-12-23,District 8,92.3,93.93522
2021-12-24,District 8,95.71,93.152664
2021-12-27,District 8,95.74,95.0396
2021-12-28,District 8,94.02,95.14905
2021-12-29,District 8,94.03,95.11797
2021-12-30,District 8,96.71,94.28481
2021-12-31,District 8,96.49,95.46616
2022-01-04,District 8,94.34,96.27827
2022-01-05,District 8,96.88,96.01242
2022-01-06,District 8,92.93,96.54631
2022-01-07,District 8,96.51,94.24839
2022-01-10,District 8,95.39,95.18147
2022-01-11,District 8,95.07,94.72241
2022-01-12,District 8,95.65,95.23388
2022-01-13,District 8,94.87,94.730774
2022-01-14,District 8,96.12,95.69866
2022-01-17,District 8,96.33,96.21996
2022-01-18,District 8,95.69,96.078735
2022-01-19,District 8,94.75,96.186905
2022-01-20,District 8,92.82,95.56231
2022-01-21,District 8,95.55,94.338844
2022-01-24,District 8,94.67,94.799
2022-01-25,District 8,95.05,95.010544
2022-01-26,District 8,93.42,95.21901
2022-01-27,District 8,92.33,94.40466
2022-01-28,District 8,95.44,93.42504
2022-02-07,District 8,95.8,94.10206
2022-02-08,District 8,93.03,95.04138
2022-02-09,District 8,95.48,93.87673
2022-02-10,District 8,97.97,94.58841
2022-02-11,District 8,94.07,97.24086
2022-02-14,District 8,96.58,96.140854
2022-02-15,District 8,97.36,95.99844
2022-02-16,District 8,93.18,96.6751
2022-02-17,District 8,96.27,94.73784
2022-02-18,District 8,96.57,95.585815
2022-02-21,District 8,97.78,95.63825
2022-02-22,District 8,95.2,97.301216
2022-02-23,District 8,97.12,95.92035
2022-02-24,District 8,95.16,96.91825
2022-02-25,District 8,95.93,96.002335
2022-02-28,District 8,94.45,95.84265
2022-03-01,District 8,94.3,96.26138
2022-03-02,District 8,96.78,95.79034
2022-03-03,District 8,96.05,96.429214
2022-03-04,District 8,94.35,96.909615
2022-03-07,District 8,93.0,95.8189
2022-03-08,District 8,92.47,93.74605
2022-03-09,District 8,95.9,93.22645
2022-03-10,District 8,95.98,94.300804
2022-03-11,District 8,95.82,95.617
2022-03-14,District 8,95.16,95.4833
2022-03-15,District 8,92.22,95.67147
2022-03-16,District 8,93.77,93.65749
2022-03-17,District 8,94.24,93.32529
2022-03-18,District 8,93.7,93.711174
2022-03-21,District 8,96.62,93.56096
2022-03-22,District 8,96.26,94.89788
2022-03-23,District 8,96.82,95.9311
2022-03-24,District 8,94.6,96.79124
2022-03-25,District 8,95.1,96.04821
2022-03-28,District 8,95.23,95.59387
2022-03-29,District 8,96.3,94.565605
2022-03-30,District 8,94.38,95.98974
2022-03-31,District 8,93.91,95.29706
2022-04-01,District 8,95.53,95.33096
2022-04-04,District 8,95.69,94.20527
2022-04-05,District 8,93.3,94.97169
2022-04-06,District 8,94.43,94.07882
2022-04-07,District 8,95.5,94.77468
2022-04-08,District 8,93.09,94.45339
2022-04-12,District 8,97.17,93.90039
2022-04-13,District 8,94.66,95.940186
2022-04-14,District 8,94.73,95.371864
2022-04-15,District 8,94.43,95.502205
2022-04-18,District 8,95.73,95.072105
2022-04-19,District 8,97.07,95.19229
2022-04-20,District 8,97.41,96.2851
2022-04-21,District 8,96.12,96.8972
2022-04-22,District 8,97.16,96.91214
2022-04-25,District 8,93.9,97.08835
2022-04-26,District 8,97.04,96.15808
2022-04-27,District 8,97.4,95.99013
2022-04-28,District 8,93.49,96.94532
2022-04-29,District 8,97.76,95.69792
2022-05-04,District 8,95.71,96.30571
2022-05-05,District 8,93.04,96.67721
2022-05-06,District 8,95.38,94.92994
2022-05-09,District 8,95.75,94.784996
2022-05-10,District 8,97.43,95.08983
2022-05-11,District 8,97.72,96.74782
2022-05-12,District 8,97.78,97.889275
2022-05-13,District 8,94.26,97.56767
2022-05-16,District 8,94.02,96.11422
2022-05-17,District 8,94.06,94.84742
2022-05-18,District 8,94.89,93.61184
2022-05-19,District 8,94.56,94.05568
2022-05-20,District 8,94.25,94.44452
2022-05-23,District 8,95.41,95.13821
2022-05-24,District 8,95.94,94.56295
2022-05-25,District 8,94.79,95.43505
2022-05-26,District 8,94.61,94.75052
2022-05-27,District 8,95.14,94.26773
2022-05-30,District 8,97.33,94.12623
2022-05-31,District 8,97.57,96.04958
2022-06-01,District 8,94.17,98.08311
2022-06-02,District 8,95.36,96.820045
2022-06-03,District 8,95.97,95.84331
2022-06-06,District 8,92.66,95.86337
2022-06-07,District 8,94.22,93.85755
2022-06-08,District 8,95.71,94.16639
2022-06-09,District 8,94.2,94.38109
2022-06-10,District 8,96.08,94.900314
2022-06-13,District 8,92.2,95.25112
2022-06-14,District 8,96.29,93.69269
2022-06-15,District 8,92.79,94.99388
2022-06-16,District 8,95.49,93.623665
2022-06-17,District 8,95.8,94.379135
2022-06-20,District 8,92.71,94.89721
2021-05-28,District 9,65.01,65.36397
2021-05-31,District 9,64.37,64.84277
2021-06-01,District 9,64.54,65.6595
2021-06-02,District 9,63.91,65.3914
2021-06-03,District 9,64.47,65.02596
2021-06-04,District 9,64.79,65.20989
2021-06-07,District 9,65.54,64.93526
2021-06-08,District 9,62.72,65.122
2021-06-09,District 9,66.96,64.56045
2021-06-10,District 9,65.24,66.28223
2021-06-11,District 9,62.72,65.76724
2021-06-14,District 9,62.69,65.52075
2021-06-15,District 9,64.81,64.82013
2021-06-16,District 9,62.74,64.63234
2021-06-17,District 9,62.85,63.912567
2021-06-18,District 9,66.3,63.785378
2021-06-21,District 9,62.52,64.57509
2021-06-22,District 9,63.21,63.98968
2021-06-23,District 9,62.82,64.06753
2021-06-24,District 9,64.59,63.176773
2021-06-25,District 9,64.8,64.26608
2021-06-28,District 9,65.98,64.40619
2021-06-29,District 9,64.22,65.59513
2021-06-30,District 9,65.67,64.41688
2021-07-01,District 9,65.4,65.867325
2021-07-02,District 9,67.36,65.661446
2021-07-05,District 9,64.72,65.96606
2021-07-06,District 9,67.76,65.31886
2021-07-07,District 9,64.34,66.57807
2021-07-08,District 9,63.91,65.78168
2021-07-09,District 9,67.0,65.10389
2021-07-12,District 9,66.45,66.01132
2021-07-13,District 9,64.03,65.654465
2021-07-14,District 9,67.54,65.48028
2021-07-15,District 9,65.71,66.12933
2021-07-16,District 9,65.19,65.38641
2021-07-19,District 9,65.79,65.40139
2021-07-20,District 9,66.8,64.99074
2021-07-21,District 9,67.78,65.43246
2021-07-22,District 9,63.47,66.80055
2021-07-23,District 9,63.58,65.43141
2021-07-26,District 9,65.94,65.221245
2021-07-27,District 9,65.75,64.724976
2021-07-28,District 9,67.38,65.270775
2021-07-29,District 9,65.16,66.03828
2021-07-30,District 9,66.42,65.24805
2021-08-02,District 9,66.05,66.42597
2021-08-03,District 9,68.36,65.893486
2021-08-04,District 9,65.85,67.3421
2021-08-05,District 9,64.31,66.25392
2021-08-06,District 9,66.67,65.877975
2021-08-09,District 9,68.99,66.47405
2021-08-10,District 9,66.58,67.20737
2021-08-11,District 9,68.78,66.867485
2021-08-12,District 9,67.45,68.22075
2021-08-13,District 9,64.85,67.68521
2021-08-16,District 9,67.24,66.83595
2021-08-17,District 9,66.25,67.13503
2021-08-18,District 9,65.04,65.92802
2021-08-19,District 9,66.13,66.02163
2021-08-20,District 9,64.62,65.700005
2021-08-23,District 9,68.31,65.209015
2021-08-24,District 9,68.99,66.37647
2021-08-25,District 9,68.02,67.58119
2021-08-26,District 9,65.86,68.13477
2021-08-27,District 9,68.74,66.728584
2021-08-30,District 9,64.67,67.57324
2021-08-31,District 9,67.61,66.34962
2021-09-01,District 9,66.54,68.59297
2021-09-06,District 9,66.78,66.56255
2021-09-07,District 9,68.71,67.50621
2021-09-08,District 9,64.69,67.75851
2021-09-09,District 9,64.15,66.69852
2021-09-10,District 9,67.28,66.262375
2021-09-13,District 9,67.89,66.6327
2021-09-14,District 9,66.27,67.06008
2021-09-15,District 9,65.17,66.808586
2021-09-16,District 9,67.31,66.08754
2021-09-17,District 9,65.55,66.11101
2021-09-20,District 9,64.83,65.77315
2021-09-21,District 9,68.49,65.49035
2021-09-22,District 9,64.93,66.693184
2021-09-23,District 9,66.3,65.94177
2021-09-24,District 9,67.88,66.550095
2021-09-27,District 9,65.86,66.50976
2021-09-28,District 9,64.2,65.85033
2021-09-29,District 9,66.6,65.36078
2021-09-30,District 9,64.14,65.916214
2021-10-01,District 9,66.4,66.373055
2021-10-04,District 9,66.71,66.78998
2021-10-05,District 9,66.04,66.03132
2021-10-06,District 9,67.21,65.43833
2021-10-07,District 9,66.63,66.51991
2021-10-08,District 9,64.35,66.39309
2021-10-11,District 9,65.87,65.60071
2021-10-12,District 9,68.75,65.6193
2021-10-13,District 9,68.78,66.934685
2021-10-14,District 9,64.46,68.245
2021-10-15,District 9,66.54,66.67567
2021-10-18,District 9,64.14,66.46981
2021-10-19,District 9,65.52,65.95592
2021-10-20,District 9,68.99,65.41624
2021-10-21,District 9,66.81,66.52441
2021-10-22,District 9,65.28,67.12915
2021-10-25,District 9,64.32,66.19838
2021-10-26,District 9,67.86,65.097374
2021-10-27,District 9,66.42,66.83205
2021-10-28,District 9,65.98,66.154465
2021-10-29,District 9,67.5,65.94539
2021-11-01,District 9,66.27,68.21205
2021-11-02,District 9,66.33,66.63525
2021-11-03,District 9,65.11,67.0205
2021-11-04,District 9,68.87,66.16535
2021-11-05,District 9,66.91,67.206024
2021-11-08,District 9,66.66,66.95399
2021-11-09,District 9,64.07,67.223694
2021-11-10,District 9,64.3,65.9426
2021-11-11,District 9,66.18,65.77508
2021-11-12,District 9,64.22,65.47842
2021-11-15,District 9,64.65,65.87147
2021-11-16,District 9,64.47,65.637886
2021-11-17,District 9,65.13,64.52498
2021-11-18,District 9,67.62,65.507
2021-11-19,District 9,65.66,66.56978
2021-11-22,District 9,66.8,65.753105
2021-11-23,District 9,65.72,66.22076
2021-11-24,District 9,64.64,65.41363
2021-11-25,District 9,64.47,65.47808
2021-11-26,District 9,68.8,65.22693
2021-11-29,District 9,66.62,66.525764
2021-11-30,District 9,67.81,66.23739
2021-12-01,District 9,66.72,68.09255
2021-12-02,District 9,66.4,67.15934
2021-12-03,District 9,68.66,66.894035
2021-12-06,District 9,66.15,67.7113
2021-12-07,District 9,64.41,66.77641
2021-12-08,District 9,68.68,66.14527
2021-12-09,District 9,65.56,66.96062
2021-12-10,District 9,67.64,66.1954
2021-12-13,District 9,64.1,67.15206
2021-12-14,District 9,66.88,65.794044
2021-12-15,District 9,68.93,66.596016
2021-12-16,District 9,64.94,67.46371
2021-12-17,District 9,65.34,66.68731
2021-12-20,District 9,67.72,65.99346
2021-12-21,District 9,65.44,66.54856
2021-12-22,District 9,68.88,66.153984
2021-12-23,District 9,67.82,67.77308
2021-12-24,District 9,65.2,67.23894
2021-12-27,District 9,67.83,66.55199
2021-12-28,District 9,67.52,67.7367
2021-12-29,District 9,67.5,67.50746
2021-12-30,District 9,68.68,67.71609
2021-12-31,District 9,68.28,68.05321
2022-01-04,District 9,66.18,69.14105
2022-01-05,District 9,67.85,68.02646
2022-01-06,District 9,67.55,67.70784
2022-01-07,District 9,68.35,67.81203
2022-01-10,District 9,68.95,68.97205
2022-01-11,District 9,68.02,68.81009
2022-01-12,District 9,64.78,68.82684
2022-01-13,District 9,68.41,67.291756
2022-01-14,District 9,67.12,67.72475
2022-01-17,District 9,67.39,67.78606
2022-01-18,District 9,64.78,67.826416
2022-01-19,District 9,67.67,66.25571
2022-01-20,District 9,64.06,67.52797
2022-01-21,District 9,64.52,66.0802
2022-01-24,District 9,66.45,65.901566
2022-01-25,District 9,64.5,66.61301
2022-01-26,District 9,65.4,65.6752
2022-01-27,District 9,64.27,65.27102
2022-01-28,District 9,66.78,65.16628
2022-02-07,District 9,66.77,65.99041
2022-02-08,District 9,68.83,65.81194
2022-02-09,District 9,67.9,67.56224
2022-02-10,District 9,65.07,67.88596
2022-02-11,District 9,64.1,66.74711
2022-02-14,District 9,64.22,65.649666
2022-02-15,District 9,64.36,65.594315
2022-02-16,District 9,66.91,64.96294
2022-02-17,District 9,64.25,65.89594
2022-02-18,District 9,67.98,65.48829
2022-02-21,District 9,67.96,66.087105
2022-02-22,District 9,68.23,66.652176
2022-02-23,District 9,68.6,66.88757
2022-02-24,District 9,67.98,67.62039
2022-02-25,District 9,65.63,68.08919
2022-02-28,District 9,68.97,66.535645
2022-03-01,District 9,68.2,68.42957
2022-03-02,District 9,68.04,68.5861
2022-03-03,District 9,66.04,68.85757
2022-03-04,District 9,69.41,67.48265
2022-03-07,District 9,70.25,68.761055
2022-03-08,District 9,67.06,68.9722
2022-03-09,District 9,70.4,68.43424
2022-03-10,District 9,68.27,68.79782
2022-03-11,District 9,69.79,68.66429
2022-03-14,District 9,66.86,69.22942
2022-03-15,District 9,69.91,68.58259
2022-03-16,District 9,69.29,69.07666
2022-03-17,District 9,69.34,68.60118
2022-03-18,District 9,67.8,69.02463
2022-03-21,District 9,68.02,68.611595
2022-03-22,District 9,68.34,68.61518
2022-03-23,District 9,70.33,68.49946
2022-03-24,District 9,69.69,68.984825
2022-03-25,District 9,66.78,69.11057
2022-03-28,District 9,68.5,68.47969
2022-03-29,District 9,70.48,68.83048
2022-03-30,District 9,68.45,68.925186
2022-03-31,District 9,68.01,68.79521
2022-04-01,District 9,69.59,69.541626
2022-04-04,District 9,67.76,69.51745
2022-04-05,District 9,71.02,69.00872
2022-04-06,District 9,70.43,69.40432
2022-04-07,District 9,71.39,69.79752
2022-04-08,District 9,67.54,70.42686
2022-04-12,District 9,71.25,69.39302
2022-04-13,District 9,71.12,69.39116
2022-04-14,District 9,68.87,69.8455
2022-04-15,District 9,69.96,70.07664
2022-04-18,District 9,67.6,69.89846
2022-04-19,District 9,69.71,69.48656
2022-04-20,District 9,71.95,69.11841
2022-04-21,District 9,67.18,70.44439
2022-04-22,District 9,71.97,69.51945
2022-04-25,District 9,71.89,70.228714
2022-04-26,District 9,67.67,69.69872
2022-04-27,District 9,67.36,69.77851
2022-04-28,District 9,67.34,68.9666
2022-04-29,District 9,69.19,67.930984
2022-05-04,District 9,69.1,69.42396
2022-05-05,District 9,71.97,69.357155
2022-05-06,District 9,69.68,70.18881
2022-05-09,District 9,67.75,69.530876
2022-05-10,District 9,67.1,69.230774
2022-05-11,District 9,70.53,68.89572
2022-05-12,District 9,68.44,69.05051
2022-05-13,District 9,70.42,68.93713
2022-05-16,District 9,70.36,70.10994
2022-05-17,District 9,67.34,69.40871
2022-05-18,District 9,69.01,68.83969
2022-05-19,District 9,68.58,69.01836
2022-05-20,District 9,71.22,69.146355
2022-05-23,District 9,67.96,69.457726
2022-05-24,District 9,69.75,69.04401
2022-05-25,District 9,68.68,69.36838
2022-05-26,District 9,71.0,68.87945
2022-05-27,District 9,67.09,69.4105
2022-05-30,District 9,69.04,68.61131
2022-05-31,District 9,69.1,69.152275
2022-06-01,District 9,69.31,69.19563
2022-06-02,District 9,71.89,69.89632
2022-06-03,District 9,71.62,70.21231
2022-06-06,District 9,68.7,71.06811
2022-06-07,District 9,67.48,70.00992
2022-06-08,District 9,67.48,69.4757
2022-06-09,District 9,69.41,69.24244
2022-06-10,District 9,71.03,69.41097
2022-06-13,District 9,71.01,69.54877
2022-06-14,District 9,70.7,70.237236
2022-06-15,District 9,71.53,70.80553
2022-06-16,District 9,70.91,71.09376
2022-06-17,District 9,69.08,70.54815
2022-06-20,District 9,70.49,69.90375
